fulcrum_id,created_at,updated_at,created_by,updated_by,system_created_at,system_updated_at,version,change_type,status,project,assigned_to,latitude,longitude,geometry,changeset_id,c_label,worms_on_sample,approximate_number_of_worms,photos,photos_caption,photos_url,date,time,gps_altitude,gps_horizontal_accuracy,gps_vertical_accuracy,gps_speed,gps_course
4da9ca28-c7e9-412a-a168-6727d3ab2957,2019-08-20 15:44:28 UTC,2019-08-20 15:46:56 UTC,claire.buchanan@northwestern.edu,claire.buchanan@northwestern.edu,2019-09-05 14:53:00 UTC,2019-09-05 14:53:00 UTC,1,create,,2019_NY_Claire,,42.0564891,-87.6737468,POINT (-87.6737468 42.0564891),450a8873-4eac-41e9-97a0-eb6bfcc97617,cce8764b-1c7f-4cf3-a5fc-0485e5f91644,No,,"5d26abe7-5b49-4ff2-bcc3-6c7d0a0a1925,af1b2c75-4a21-4d89-9336-f581be4e1c4d",",",https://web.fulcrumapp.com/photos/view?photos=5d26abe7-5b49-4ff2-bcc3-6c7d0a0a1925%2Caf1b2c75-4a21-4d89-9336-f581be4e1c4d,2019-08-20,10:44,162.700012207031,13.387,,,
441619e8-e5e9-4daa-9a19-15787d29b7a3,2019-08-20 15:47:12 UTC,2019-08-20 15:53:58 UTC,claire.buchanan@northwestern.edu,claire.buchanan@northwestern.edu,2019-09-05 14:53:00 UTC,2019-09-05 14:53:00 UTC,1,create,,2019_NY_Claire,,42.0564836,-87.6737561,POINT (-87.6737561 42.0564836),450a8873-4eac-41e9-97a0-eb6bfcc97617,03f141a6-a80f-47ca-aa9c-5367c2a0abee,Yes,Few (4-10),"5b05fd69-a5bc-42ce-b732-c7ed37631f6c,3551b0d6-7507-4c98-83fa-fd906985d463",",",https://web.fulcrumapp.com/photos/view?photos=5b05fd69-a5bc-42ce-b732-c7ed37631f6c%2C3551b0d6-7507-4c98-83fa-fd906985d463,2019-08-20,10:47,162.700012207031,10.637,,,
71f3d4f7-c36b-493f-ad6f-a27233b57ba2,2019-08-20 15:54:20 UTC,2019-08-20 15:58:11 UTC,claire.buchanan@northwestern.edu,claire.buchanan@northwestern.edu,2019-09-05 14:53:01 UTC,2019-09-05 14:53:01 UTC,1,create,,2019_NY_Claire,,42.0564858,-87.6737412,POINT (-87.6737412 42.0564858),450a8873-4eac-41e9-97a0-eb6bfcc97617,a34d2639-4b23-4989-b542-d2f9bf6fa032,Tracks,,"c7e5251b-56b3-449e-8261-e253cb0b64e4,af737ac2-b09e-4b49-9ee4-59e72b6b4117",",",https://web.fulcrumapp.com/photos/view?photos=c7e5251b-56b3-449e-8261-e253cb0b64e4%2Caf737ac2-b09e-4b49-9ee4-59e72b6b4117,2019-08-20,10:54,162.700012207031,12.048,,,
56051684-9e14-411b-b847-ecba080b8d84,2019-08-20 15:58:14 UTC,2019-08-20 16:08:35 UTC,claire.buchanan@northwestern.edu,claire.buchanan@northwestern.edu,2019-09-05 14:53:01 UTC,2019-09-05 14:53:01 UTC,1,create,,2019_NY_Claire,,42.0564892,-87.6737433,POINT (-87.6737433 42.0564892),450a8873-4eac-41e9-97a0-eb6bfcc97617,698dc059-219c-43a7-b486-10335892d56f,Yes,Few (4-10),"d2fa7d84-9496-457f-a0e4-20c5c887d5ad,516d7eea-bdda-4b23-9b39-04948f094c51",",",https://web.fulcrumapp.com/photos/view?photos=d2fa7d84-9496-457f-a0e4-20c5c887d5ad%2C516d7eea-bdda-4b23-9b39-04948f094c51,2019-08-20,10:58,162.700012207031,14.01,,,
e9d5d894-f415-48b0-b260-12d948d214f4,2019-08-20 16:08:39 UTC,2019-08-20 16:12:37 UTC,claire.buchanan@northwestern.edu,claire.buchanan@northwestern.edu,2019-09-05 14:53:02 UTC,2019-09-05 14:53:02 UTC,1,create,,2019_NY_Claire,,42.0565164,-87.6737021,POINT (-87.6737021 42.0565164),450a8873-4eac-41e9-97a0-eb6bfcc97617,39340805-8d85-4de7-87ca-01b222d3f309,Yes,Very Few (1-3),"cc12dc40-aabd-4454-a063-c02c66c8213a,0dee3d96-10c0-4471-85aa-57a6d0386165",",",https://web.fulcrumapp.com/photos/view?photos=cc12dc40-aabd-4454-a063-c02c66c8213a%2C0dee3d96-10c0-4471-85aa-57a6d0386165,2019-08-20,11:08,162.700012207031,17.139,,,
7dc44774-2c2c-443e-b583-940fc055be34,2019-08-20 16:12:40 UTC,2019-08-20 16:14:54 UTC,claire.buchanan@northwestern.edu,claire.buchanan@northwestern.edu,2019-09-05 14:53:02 UTC,2019-09-05 14:53:02 UTC,1,create,,2019_NY_Claire,,42.0564893,-87.6737434,POINT (-87.6737434 42.0564893),450a8873-4eac-41e9-97a0-eb6bfcc97617,bf7a85c2-764b-4615-8653-781486448857,Tracks,,"4c7b7d8f-375a-4242-b355-304ac52c82a5,e48f2f85-4041-401b-85e1-60f32c122998",",",https://web.fulcrumapp.com/photos/view?photos=4c7b7d8f-375a-4242-b355-304ac52c82a5%2Ce48f2f85-4041-401b-85e1-60f32c122998,2019-08-20,11:12,162.700012207031,15.781,,,
837e831b-096c-49a2-9125-0a02c92a7576,2019-08-20 16:14:56 UTC,2019-08-20 16:17:37 UTC,claire.buchanan@northwestern.edu,claire.buchanan@northwestern.edu,2019-09-05 14:53:03 UTC,2019-09-05 14:53:03 UTC,1,create,,2019_NY_Claire,,42.0564821,-87.6737221,POINT (-87.6737221 42.0564821),450a8873-4eac-41e9-97a0-eb6bfcc97617,cf8debf9-9a2a-4281-8769-f2ce92e00508,Tracks,,"eead307b-16bc-4bbc-af04-af0c69038207,37627058-9a3b-45c2-a9de-6d03da706651",",",https://web.fulcrumapp.com/photos/view?photos=eead307b-16bc-4bbc-af04-af0c69038207%2C37627058-9a3b-45c2-a9de-6d03da706651,2019-08-20,11:14,162.700012207031,11.259,,,
640fd404-c01f-46e8-94e0-5803913b06f2,2019-09-01 16:02:38 UTC,2019-09-01 16:13:56 UTC,emilyjahn2020@u.northwestern.edu,emilyjahn2020@u.northwestern.edu,2019-09-05 18:30:10 UTC,2019-09-05 18:30:10 UTC,1,create,,,,42.0565135,-87.6737585,POINT (-87.6737585 42.0565135),03395f78-0dad-4e54-b987-778295f73c9b,375d6524-f07d-4d24-b5fa-ece1e1061a73,Yes,Very Few (1-3),,,,2019-09-01,11:02,162.700012207031,14.644,,,
5f6ac4a9-601f-4789-851f-5672e3d12a33,2019-09-01 16:14:01 UTC,2019-09-01 16:20:20 UTC,emilyjahn2020@u.northwestern.edu,emilyjahn2020@u.northwestern.edu,2019-09-05 18:30:11 UTC,2019-09-05 18:30:11 UTC,1,create,,,,42.0565114,-87.6737574,POINT (-87.6737574 42.0565114),03395f78-0dad-4e54-b987-778295f73c9b,3faa5f4f-fc0e-40c9-8a16-6fb697da87ad,Yes,Very Few (1-3),"33b4025c-49b0-4174-806a-8eccf2b9172d,e453fec4-1f2a-4a2e-a1e0-a6d48c314a91",",",https://web.fulcrumapp.com/photos/view?photos=33b4025c-49b0-4174-806a-8eccf2b9172d%2Ce453fec4-1f2a-4a2e-a1e0-a6d48c314a91,2019-09-01,11:14,162.600006103516,16.57,,,
2daef2d6-0dcf-4dd7-9db1-29fa0d0ff092,2019-09-01 16:20:22 UTC,2019-09-01 16:20:58 UTC,emilyjahn2020@u.northwestern.edu,emilyjahn2020@u.northwestern.edu,2019-09-05 18:30:11 UTC,2019-09-05 18:30:11 UTC,1,create,,,,42.0565114,-87.6737565,POINT (-87.6737565 42.0565114),03395f78-0dad-4e54-b987-778295f73c9b,db4c6e41-af48-409a-9b3d-c119515478d8,No,,71eb06a6-77cc-4fcb-b26a-7384940ab798,,https://web.fulcrumapp.com/photos/view?photos=71eb06a6-77cc-4fcb-b26a-7384940ab798,2019-09-01,11:20,162.600006103516,14.273,,,
2f4543a6-29a0-454e-99a4-cddb590581a6,2019-09-01 16:21:07 UTC,2019-09-01 16:31:22 UTC,emilyjahn2020@u.northwestern.edu,emilyjahn2020@u.northwestern.edu,2019-09-05 18:30:12 UTC,2019-09-05 18:30:12 UTC,1,create,,,,42.0564902,-87.6737567,POINT (-87.6737567 42.0564902),03395f78-0dad-4e54-b987-778295f73c9b,fe657223-f90b-4ccc-a3ae-7e3281007169,Yes,Very Few (1-3),"75ec4a13-b9d8-4336-ac7d-d44e2b5025cd,e135643e-20b1-4d88-8633-57bdb6576006",",",https://web.fulcrumapp.com/photos/view?photos=75ec4a13-b9d8-4336-ac7d-d44e2b5025cd%2Ce135643e-20b1-4d88-8633-57bdb6576006,2019-09-01,11:21,162.600006103516,14.025,,,
07aea3b7-9c44-413e-9a68-c3e5d02b4b43,2019-09-01 16:31:26 UTC,2019-09-01 16:32:40 UTC,emilyjahn2020@u.northwestern.edu,emilyjahn2020@u.northwestern.edu,2019-09-05 18:30:13 UTC,2019-09-05 18:30:13 UTC,1,create,,,,42.0564903,-87.673757,POINT (-87.673757 42.0564903),03395f78-0dad-4e54-b987-778295f73c9b,efd9b5b6-5fd8-4357-9d76-fefcdc0f2dd9,No,,"d6ffc3cf-5dc0-4d42-a25f-58691ffd8361,ec908f75-7076-4e0c-85a5-3abf4fae097b",",",https://web.fulcrumapp.com/photos/view?photos=d6ffc3cf-5dc0-4d42-a25f-58691ffd8361%2Cec908f75-7076-4e0c-85a5-3abf4fae097b,2019-09-01,11:31,162.600006103516,14.147,,,
c5891411-bc07-45ac-ab87-94ec6a54a902,2019-09-01 16:32:48 UTC,2019-09-01 16:34:29 UTC,emilyjahn2020@u.northwestern.edu,emilyjahn2020@u.northwestern.edu,2019-09-05 18:30:14 UTC,2019-09-05 18:30:14 UTC,1,create,,,,42.0565006,-87.6737606,POINT (-87.6737606 42.0565006),03395f78-0dad-4e54-b987-778295f73c9b,d8ca46dc-7de5-4a93-b698-47f854aa3229,No,,"0f2cbcaa-2340-4540-a729-7681e102fdd0,19bd338f-dbb5-4815-bfd3-9fbc402a3709",",",https://web.fulcrumapp.com/photos/view?photos=0f2cbcaa-2340-4540-a729-7681e102fdd0%2C19bd338f-dbb5-4815-bfd3-9fbc402a3709,2019-09-01,11:32,162.600006103516,16.801,,,
3b876d81-155a-4b44-85fd-31c067df7211,2019-09-01 16:34:36 UTC,2019-09-01 16:49:09 UTC,emilyjahn2020@u.northwestern.edu,emilyjahn2020@u.northwestern.edu,2019-09-05 18:30:15 UTC,2019-09-05 18:30:15 UTC,1,create,,,,42.0565184,-87.6737573,POINT (-87.6737573 42.0565184),03395f78-0dad-4e54-b987-778295f73c9b,a593920b-c8c7-497d-817c-f4c9ea8aa88f,Yes,Very Few (1-3),"809cec91-e6d4-44c2-87bc-3bb5130febcb,ba6912b8-56b3-4716-b708-b113919461cf",",",https://web.fulcrumapp.com/photos/view?photos=809cec91-e6d4-44c2-87bc-3bb5130febcb%2Cba6912b8-56b3-4716-b708-b113919461cf,2019-09-01,11:34,162.600006103516,17.656,,,
41900d60-5b98-454e-8ce7-8d2801c3c96a,2019-09-01 16:49:13 UTC,2019-09-01 16:52:38 UTC,emilyjahn2020@u.northwestern.edu,emilyjahn2020@u.northwestern.edu,2019-09-05 18:30:15 UTC,2019-09-05 18:30:15 UTC,1,create,,,,42.0564903,-87.6737568,POINT (-87.6737568 42.0564903),03395f78-0dad-4e54-b987-778295f73c9b,70203c8b-5af2-4bca-b7a6-60f3304af5d1,Tracks,,"e311beca-b0f7-4ade-abfe-adaf0040433d,bb3fc89a-81b6-49fe-9858-d1fb8e105f0b",",",https://web.fulcrumapp.com/photos/view?photos=e311beca-b0f7-4ade-abfe-adaf0040433d%2Cbb3fc89a-81b6-49fe-9858-d1fb8e105f0b,2019-09-01,11:49,162.600006103516,16.786,,,
c564104d-afd2-4243-a73a-d1beb760e633,2019-09-01 16:52:46 UTC,2019-09-01 16:56:20 UTC,emilyjahn2020@u.northwestern.edu,emilyjahn2020@u.northwestern.edu,2019-09-05 18:30:16 UTC,2019-09-05 18:30:16 UTC,1,create,,,,42.0565052,-87.6737724,POINT (-87.6737724 42.0565052),03395f78-0dad-4e54-b987-778295f73c9b,32b9fd46-c11d-4f9b-8116-cfdc391e81f4,No,,"fc6355c2-0ccf-4510-8dcc-596eb941702d,8661a803-ed34-4706-8b19-e878d33ea9e2",",",https://web.fulcrumapp.com/photos/view?photos=fc6355c2-0ccf-4510-8dcc-596eb941702d%2C8661a803-ed34-4706-8b19-e878d33ea9e2,2019-09-01,11:52,162.700012207031,14.08,,,
578c61d8-1875-40d4-b1ec-0792d027ea8e,2019-09-01 16:56:26 UTC,2019-09-01 17:04:49 UTC,emilyjahn2020@u.northwestern.edu,emilyjahn2020@u.northwestern.edu,2019-09-05 18:30:17 UTC,2019-09-05 18:30:17 UTC,1,create,,,,42.0565011,-87.6737608,POINT (-87.6737608 42.0565011),03395f78-0dad-4e54-b987-778295f73c9b,2f39cb43-b1a2-47ca-b896-1e20166e70d1,Yes,Very Few (1-3),"f849c5e6-2b26-4548-8ee5-8d673d73650b,29d803a6-33e7-4538-8370-53b129992aa0",",",https://web.fulcrumapp.com/photos/view?photos=f849c5e6-2b26-4548-8ee5-8d673d73650b%2C29d803a6-33e7-4538-8370-53b129992aa0,2019-09-01,11:56,162.600006103516,16.65,,,
6b353b9b-8834-4bc1-b91d-60686aad81ef,2019-09-01 17:05:09 UTC,2019-09-01 17:06:14 UTC,emilyjahn2020@u.northwestern.edu,emilyjahn2020@u.northwestern.edu,2019-09-05 18:30:17 UTC,2019-09-05 18:30:17 UTC,1,create,,,,42.0565196,-87.6737586,POINT (-87.6737586 42.0565196),03395f78-0dad-4e54-b987-778295f73c9b,3113ff6f-11a9-4a4e-ac66-833144e862c8,No,,b91bf5e3-1d76-4b4b-87ca-855350ac7677,,https://web.fulcrumapp.com/photos/view?photos=b91bf5e3-1d76-4b4b-87ca-855350ac7677,2019-09-01,12:05,162.700012207031,17.782,,,
330ae125-79e0-494b-a98f-5517e9bb3cb7,2019-09-01 17:06:23 UTC,2019-09-01 17:07:43 UTC,emilyjahn2020@u.northwestern.edu,emilyjahn2020@u.northwestern.edu,2019-09-05 18:30:18 UTC,2019-09-05 18:30:18 UTC,1,create,,,,42.0564908,-87.6737579,POINT (-87.6737579 42.0564908),03395f78-0dad-4e54-b987-778295f73c9b,8377c680-de51-4455-a515-5ae9b93c49e4,No,,"b6942d28-8e3d-4c06-919a-6050b687c4e6,44a6eea6-7e4d-4d2f-a6ba-86b4e9857804",",",https://web.fulcrumapp.com/photos/view?photos=b6942d28-8e3d-4c06-919a-6050b687c4e6%2C44a6eea6-7e4d-4d2f-a6ba-86b4e9857804,2019-09-01,12:06,162.700012207031,16.794,,,
b4bc5e13-419a-4947-a802-186245a15ad9,2019-09-05 16:58:44 UTC,2019-09-05 17:08:32 UTC,nicoleroberto2018@u.northwestern.edu,nicoleroberto2018@u.northwestern.edu,2019-09-06 14:58:42 UTC,2019-09-06 14:58:42 UTC,1,create,,,,42.0564394011154,-87.6739745744255,POINT (-87.6739745744255 42.0564394011154),b3cd0d9a-d1da-4657-b97d-34815b0efa30,a72c15d9-cddc-4b41-bde4-8ae2095189ff,Yes,Few (4-10),1e45a396-24c2-4c75-a665-7c5e016bab24,,https://web.fulcrumapp.com/photos/view?photos=1e45a396-24c2-4c75-a665-7c5e016bab24,2019-09-05,11:58,181.88981628418,65.0,10.0,-1.0,-1.0
0806e840-99a0-4330-a699-0b2a91136006,2019-09-05 17:13:22 UTC,2019-09-05 17:24:35 UTC,nicoleroberto2018@u.northwestern.edu,nicoleroberto2018@u.northwestern.edu,2019-09-06 14:58:43 UTC,2019-09-06 14:58:43 UTC,1,create,,,,42.0564261671161,-87.6739726164193,POINT (-87.6739726164193 42.0564261671161),b3cd0d9a-d1da-4657-b97d-34815b0efa30,4776dce1-4ed2-4945-9712-7610e3b931fb,Yes,Few (4-10),442be3d9-985b-429c-870f-81372c65507d,,https://web.fulcrumapp.com/photos/view?photos=442be3d9-985b-429c-870f-81372c65507d,2019-09-05,12:13,181.685638427734,65.0,10.0,-1.0,-1.0
907e1e58-c393-4ae1-8829-02d9b4a782b5,2019-09-05 17:24:36 UTC,2019-09-05 17:32:33 UTC,nicoleroberto2018@u.northwestern.edu,nicoleroberto2018@u.northwestern.edu,2019-09-06 14:58:44 UTC,2019-09-06 14:58:44 UTC,1,create,,,,42.0564371345029,-87.6739683947358,POINT (-87.6739683947358 42.0564371345029),b3cd0d9a-d1da-4657-b97d-34815b0efa30,a02a18e4-a71b-4309-baca-07257be085ce,Yes,Proliferating (25+),e3f252cd-44da-4f3c-a163-37fb880cbf77,,https://web.fulcrumapp.com/photos/view?photos=e3f252cd-44da-4f3c-a163-37fb880cbf77,2019-09-05,12:24,181.676513671875,65.0,10.0,-1.0,-1.0
28daaa12-5fa8-4fe7-8c9e-52c87acb857e,2019-09-05 17:32:37 UTC,2019-09-05 17:40:29 UTC,nicoleroberto2018@u.northwestern.edu,nicoleroberto2018@u.northwestern.edu,2019-09-06 14:58:45 UTC,2019-09-06 14:58:45 UTC,1,create,,,,42.0564376578111,-87.6739780628461,POINT (-87.6739780628461 42.0564376578111),b3cd0d9a-d1da-4657-b97d-34815b0efa30,9ef10bc4-a2fe-4660-ac5c-77fab003b576,Yes,Few (4-10),1bab8cbc-0247-47a4-9d93-2989b30cccde,,https://web.fulcrumapp.com/photos/view?photos=1bab8cbc-0247-47a4-9d93-2989b30cccde,2019-09-05,12:32,181.302795410156,65.0,10.0,-1.0,-1.0
71abe171-c8d1-40fc-a5b1-1590cbecf55c,2019-09-05 17:44:49 UTC,2019-09-05 17:52:47 UTC,nicoleroberto2018@u.northwestern.edu,nicoleroberto2018@u.northwestern.edu,2019-09-06 14:58:47 UTC,2019-09-06 14:58:47 UTC,1,create,,,,42.0564527468063,-87.6739727037841,POINT (-87.6739727037841 42.0564527468063),b3cd0d9a-d1da-4657-b97d-34815b0efa30,75f5c987-7eb7-402e-8234-c2f60961036f,Yes,Some (11-25),c43735f1-6ae8-4550-9bcb-9ea991c977c0,,https://web.fulcrumapp.com/photos/view?photos=c43735f1-6ae8-4550-9bcb-9ea991c977c0,2019-09-05,12:44,182.127090454102,65.0,10.0,-1.0,-1.0
ea448d3f-a991-4a44-b43c-b30bae27bcd5,2019-09-05 17:56:38 UTC,2019-09-05 18:08:49 UTC,nicoleroberto2018@u.northwestern.edu,nicoleroberto2018@u.northwestern.edu,2019-09-06 14:58:48 UTC,2019-09-06 14:58:48 UTC,1,create,,,,42.0564381485956,-87.6739757085891,POINT (-87.6739757085891 42.0564381485956),b3cd0d9a-d1da-4657-b97d-34815b0efa30,ae14949c-a2db-4407-a232-11d440cb7f9b,Yes,Few (4-10),00826701-13b6-442c-846c-0398f8c800a1,,https://web.fulcrumapp.com/photos/view?photos=00826701-13b6-442c-846c-0398f8c800a1,2019-09-05,12:56,181.671539306641,65.0,10.0,-1.0,-1.0
0fed3c94-d269-4f2b-a5b2-f916cebfe07c,2019-09-05 18:08:57 UTC,2019-09-05 18:16:31 UTC,nicoleroberto2018@u.northwestern.edu,nicoleroberto2018@u.northwestern.edu,2019-09-06 14:58:49 UTC,2019-09-06 14:58:49 UTC,1,create,,,,42.0564319923608,-87.6739712160718,POINT (-87.6739712160718 42.0564319923608),b3cd0d9a-d1da-4657-b97d-34815b0efa30,286c3ff8-e4c3-4fef-9486-c77f2a15b88e,Yes,Few (4-10),a45fb45e-2494-432b-9761-8578b9933d53,,https://web.fulcrumapp.com/photos/view?photos=a45fb45e-2494-432b-9761-8578b9933d53,2019-09-05,13:08,181.48469543457,65.0,10.0,-1.0,-1.0
3b221a38-78d3-49f3-a796-463b5c4c2401,2019-09-05 18:46:16 UTC,2019-09-05 18:46:42 UTC,nicoleroberto2018@u.northwestern.edu,nicoleroberto2018@u.northwestern.edu,2019-09-06 14:58:49 UTC,2019-09-06 14:58:49 UTC,1,create,,,,42.0564364237221,-87.6739696226686,POINT (-87.6739696226686 42.0564364237221),b3cd0d9a-d1da-4657-b97d-34815b0efa30,2001c40b-b8e2-451f-8683-abee4209086d,No,,8416a52a-75a6-4b1c-ad88-e404995a2ab0,,https://web.fulcrumapp.com/photos/view?photos=8416a52a-75a6-4b1c-ad88-e404995a2ab0,2019-09-05,13:46,181.89128112793,65.0,10.0,-1.0,-1.0
a78300f5-237a-461a-b9a6-354ce4a56daf,2019-09-05 18:47:46 UTC,2019-09-05 18:49:17 UTC,nicoleroberto2018@u.northwestern.edu,nicoleroberto2018@u.northwestern.edu,2019-09-06 14:58:50 UTC,2019-09-06 14:58:50 UTC,1,create,,,,42.0564381272694,-87.6739750273771,POINT (-87.6739750273771 42.0564381272694),b3cd0d9a-d1da-4657-b97d-34815b0efa30,38e3af8f-7990-49c8-bb11-e517cbcf4ea0,Tracks,,691875be-b68d-4934-b90d-dbe04237f8e1,,https://web.fulcrumapp.com/photos/view?photos=691875be-b68d-4934-b90d-dbe04237f8e1,2019-09-05,13:47,181.784896850586,65.0,10.0,-1.0,-1.0
6b6e2d66-143d-462f-9e13-96c73a010206,2019-09-05 18:50:17 UTC,2019-09-05 18:50:43 UTC,nicoleroberto2018@u.northwestern.edu,nicoleroberto2018@u.northwestern.edu,2019-09-06 14:58:51 UTC,2019-09-06 14:58:51 UTC,1,create,,,,42.0564329037632,-87.6739763700984,POINT (-87.6739763700984 42.0564329037632),b3cd0d9a-d1da-4657-b97d-34815b0efa30,72efbedc-8e64-462e-a8c7-35e026e78c23,Tracks,,30effb1a-5010-445d-be07-b7ddb279b7c9,,https://web.fulcrumapp.com/photos/view?photos=30effb1a-5010-445d-be07-b7ddb279b7c9,2019-09-05,13:50,181.48014831543,65.0,10.0,-1.0,-1.0
041525c8-ee4d-4f7a-9140-02d1f3f1ca17,2019-09-05 18:51:35 UTC,2019-09-05 18:54:36 UTC,nicoleroberto2018@u.northwestern.edu,nicoleroberto2018@u.northwestern.edu,2019-09-06 14:58:52 UTC,2019-09-06 14:58:52 UTC,1,create,,,,42.0564397403409,-87.67397552018,POINT (-87.67397552018 42.0564397403409),b3cd0d9a-d1da-4657-b97d-34815b0efa30,9546fd8b-7bd4-433f-bde6-3e0d1fabb015,Tracks,,3294262b-31c8-4594-912c-0ae0fdc02856,,https://web.fulcrumapp.com/photos/view?photos=3294262b-31c8-4594-912c-0ae0fdc02856,2019-09-05,13:51,181.853530883789,65.0,10.0,-1.0,-1.0
4d6eb826-61a2-4f2c-97da-5d86042017f7,2019-09-05 18:55:28 UTC,2019-09-05 18:57:01 UTC,nicoleroberto2018@u.northwestern.edu,nicoleroberto2018@u.northwestern.edu,2019-09-06 14:58:52 UTC,2019-09-06 14:58:52 UTC,1,create,,,,42.0564077539327,-87.6739546006753,POINT (-87.6739546006753 42.0564077539327),b3cd0d9a-d1da-4657-b97d-34815b0efa30,ebd739cc-47c3-4e60-bc4f-91be6a683517,Tracks,,0bd4489e-3ba7-4862-b13f-6fecb2ef7c91,,https://web.fulcrumapp.com/photos/view?photos=0bd4489e-3ba7-4862-b13f-6fecb2ef7c91,2019-09-05,13:55,181.001419067383,65.0,10.0,-1.0,-1.0
7d8d5427-21fd-4152-bb99-72364fc81fb6,2019-09-05 19:00:40 UTC,2019-09-05 19:02:21 UTC,nicoleroberto2018@u.northwestern.edu,nicoleroberto2018@u.northwestern.edu,2019-09-06 14:58:53 UTC,2019-09-06 14:58:53 UTC,1,create,,,,42.0564225448036,-87.6739743193187,POINT (-87.6739743193187 42.0564225448036),b3cd0d9a-d1da-4657-b97d-34815b0efa30,d111de0f-87bb-4c44-a34e-f45eb1701700,Tracks,,a0308610-d399-42ee-804a-f7bca53c80d4,,https://web.fulcrumapp.com/photos/view?photos=a0308610-d399-42ee-804a-f7bca53c80d4,2019-09-05,14:00,181.626708984375,65.0,10.0,-1.0,-1.0
e551e866-1b10-4464-972f-d65b26c47279,2019-09-05 19:10:33 UTC,2019-09-05 19:11:52 UTC,nicoleroberto2018@u.northwestern.edu,nicoleroberto2018@u.northwestern.edu,2019-09-06 14:58:53 UTC,2019-09-06 14:58:53 UTC,1,create,,,,42.0564394186424,-87.6739755583594,POINT (-87.6739755583594 42.0564394186424),b3cd0d9a-d1da-4657-b97d-34815b0efa30,44f21232-36f5-4678-9f18-91aee2687964,No,,e843e578-7d19-4ca4-9699-7f8423cce0cc,,https://web.fulcrumapp.com/photos/view?photos=e843e578-7d19-4ca4-9699-7f8423cce0cc,2019-09-05,14:10,181.87109375,65.0,10.0,-1.0,-1.0
16338738-e521-4d15-b870-0bad70a59e43,2019-09-05 19:13:22 UTC,2019-09-05 19:15:03 UTC,nicoleroberto2018@u.northwestern.edu,nicoleroberto2018@u.northwestern.edu,2019-09-06 14:58:54 UTC,2019-09-06 14:58:54 UTC,1,create,,,,42.0564443451042,-87.6739853288888,POINT (-87.6739853288888 42.0564443451042),b3cd0d9a-d1da-4657-b97d-34815b0efa30,a569637d-90a4-47d6-9c38-d229447d2689,No,,193b62d0-37b9-4d57-be84-40ef9d2e6dad,,https://web.fulcrumapp.com/photos/view?photos=193b62d0-37b9-4d57-be84-40ef9d2e6dad,2019-09-05,14:13,181.803283691406,65.0,10.0,-1.0,-1.0
69674e4c-42a4-4084-b657-0ae6a4e5ec52,2019-09-05 19:15:05 UTC,2019-09-05 19:21:27 UTC,nicoleroberto2018@u.northwestern.edu,nicoleroberto2018@u.northwestern.edu,2019-09-06 14:58:54 UTC,2019-09-06 14:58:54 UTC,1,create,,,,42.0564407625939,-87.673977726485,POINT (-87.673977726485 42.0564407625939),b3cd0d9a-d1da-4657-b97d-34815b0efa30,a2e776a8-41bc-4582-806c-a68b279f344f,Yes,Some (11-25),8caf17a4-b5e0-4bcf-b2a5-2ffb21bb5d11,,https://web.fulcrumapp.com/photos/view?photos=8caf17a4-b5e0-4bcf-b2a5-2ffb21bb5d11,2019-09-05,14:15,182.066101074219,65.0,10.0,-1.0,-1.0
45cf659a-9fcc-4e31-8b99-73bcac631fcd,2019-09-05 19:26:36 UTC,2019-09-05 19:32:19 UTC,nicoleroberto2018@u.northwestern.edu,nicoleroberto2018@u.northwestern.edu,2019-09-06 14:58:55 UTC,2019-09-06 14:58:55 UTC,1,create,,,,42.0564604240969,-87.6739740337488,POINT (-87.6739740337488 42.0564604240969),b3cd0d9a-d1da-4657-b97d-34815b0efa30,0888f36d-57f6-489f-a118-be4eb339de75,Yes,Very Few (1-3),454a7bed-6480-4c19-83f1-ce396c55d845,,https://web.fulcrumapp.com/photos/view?photos=454a7bed-6480-4c19-83f1-ce396c55d845,2019-09-05,14:26,182.469116210938,65.0,10.0,-1.0,-1.0
562f7c53-c9d1-4e2d-99d7-af379381f5f5,2019-09-05 19:33:09 UTC,2019-09-05 19:35:13 UTC,nicoleroberto2018@u.northwestern.edu,nicoleroberto2018@u.northwestern.edu,2019-09-06 14:58:55 UTC,2019-09-06 14:58:55 UTC,1,create,,,,42.056429924048,-87.6739718075108,POINT (-87.6739718075108 42.056429924048),b3cd0d9a-d1da-4657-b97d-34815b0efa30,12cb6be8-fa3f-452c-bb59-c31f10bc91fd,No,,e43b76d2-3ff1-475a-a85e-25cfb0aae1bc,,https://web.fulcrumapp.com/photos/view?photos=e43b76d2-3ff1-475a-a85e-25cfb0aae1bc,2019-09-05,14:33,181.231384277344,65.0,10.0,-1.0,-1.0
4b6a85f2-8297-4220-bfe9-01442a93ed84,2019-09-05 17:09:17 UTC,2019-09-05 17:11:17 UTC,claire.buchanan@northwestern.edu,claire.buchanan@northwestern.edu,2019-09-06 17:07:56 UTC,2019-09-06 17:07:56 UTC,1,create,,HawaiiOctober2018,,42.0564834,-87.6737476,POINT (-87.6737476 42.0564834),6ba5f120-d537-4038-8901-b5db4b4ec935,5a3d0357-447c-4d18-98bd-4e715ee90410,Yes,Very Few (1-3),421e2dcf-c357-4306-a918-315cf3abe87d,,https://web.fulcrumapp.com/photos/view?photos=421e2dcf-c357-4306-a918-315cf3abe87d,2019-09-05,12:09,162.700012207031,16.884,,,
c2281677-758d-419b-a58f-89b9c5bbd79c,2019-09-05 17:11:22 UTC,2019-09-05 17:12:33 UTC,claire.buchanan@northwestern.edu,claire.buchanan@northwestern.edu,2019-09-06 17:07:57 UTC,2019-09-06 17:07:57 UTC,1,create,,HawaiiOctober2018,,42.0564677,-87.6737872,POINT (-87.6737872 42.0564677),6ba5f120-d537-4038-8901-b5db4b4ec935,6c4546fd-3eb0-4ed2-bee6-68983bbf722d,Yes,Very Few (1-3),662632e0-b864-4e32-8e15-6ca1979d3918,,https://web.fulcrumapp.com/photos/view?photos=662632e0-b864-4e32-8e15-6ca1979d3918,2019-09-05,12:11,162.700012207031,10.279,,,
4f3dc57e-e357-45a6-897f-4e196a35dd48,2019-09-05 17:12:42 UTC,2019-09-05 17:15:27 UTC,claire.buchanan@northwestern.edu,claire.buchanan@northwestern.edu,2019-09-06 17:07:57 UTC,2019-09-06 17:07:57 UTC,1,create,,HawaiiOctober2018,,42.0564826,-87.673758,POINT (-87.673758 42.0564826),6ba5f120-d537-4038-8901-b5db4b4ec935,7a13ce40-4422-446d-9b02-f644200acb4c,Yes,Some (11-25),e8d53242-8680-4bdc-b6fc-b05006cb7b9f,,https://web.fulcrumapp.com/photos/view?photos=e8d53242-8680-4bdc-b6fc-b05006cb7b9f,2019-09-05,12:12,162.700012207031,16.647,,,
22305c77-b5b3-4af8-906d-80cb682e0445,2019-09-05 17:15:34 UTC,2019-09-05 17:16:39 UTC,claire.buchanan@northwestern.edu,claire.buchanan@northwestern.edu,2019-09-06 17:07:58 UTC,2019-09-06 17:07:58 UTC,1,create,,HawaiiOctober2018,,42.0564906,-87.6737587,POINT (-87.6737587 42.0564906),6ba5f120-d537-4038-8901-b5db4b4ec935,65c045fa-c982-4bd6-b24b-eb36f6de6d72,Yes,Very Few (1-3),bc499e03-3a59-4799-8397-20bafb67111f,,https://web.fulcrumapp.com/photos/view?photos=bc499e03-3a59-4799-8397-20bafb67111f,2019-09-05,12:15,162.700012207031,14.249,,,
132297a8-f622-4198-a1eb-d5c66747ca9d,2019-09-05 17:16:53 UTC,2019-09-05 17:18:01 UTC,claire.buchanan@northwestern.edu,claire.buchanan@northwestern.edu,2019-09-06 17:07:59 UTC,2019-09-06 17:07:59 UTC,1,create,,HawaiiOctober2018,,42.0565115,-87.6737588,POINT (-87.6737588 42.0565115),6ba5f120-d537-4038-8901-b5db4b4ec935,e03d12d2-4e65-430f-a222-d53e8e5fda5d,Yes,Very Few (1-3),f98e99e6-2528-4a2f-b6cf-71345daa24cd,,https://web.fulcrumapp.com/photos/view?photos=f98e99e6-2528-4a2f-b6cf-71345daa24cd,2019-09-05,12:16,162.700012207031,14.889,,,
199dd086-4591-42a0-a03c-4873cbb5a604,2019-09-05 17:20:30 UTC,2019-09-05 17:21:16 UTC,claire.buchanan@northwestern.edu,claire.buchanan@northwestern.edu,2019-09-06 17:07:59 UTC,2019-09-06 17:07:59 UTC,1,create,,HawaiiOctober2018,,42.0565008,-87.6737541,POINT (-87.6737541 42.0565008),6ba5f120-d537-4038-8901-b5db4b4ec935,913a9491-597c-4d75-bac2-dde488aaeb70,Yes,Very Few (1-3),9090c3fb-5664-47d1-8a7f-7c9794605c11,,https://web.fulcrumapp.com/photos/view?photos=9090c3fb-5664-47d1-8a7f-7c9794605c11,2019-09-05,12:20,162.700012207031,14.231,,,
2f1c9690-6a74-409f-945c-ed8906db6b21,2019-09-05 17:21:19 UTC,2019-09-05 17:22:06 UTC,claire.buchanan@northwestern.edu,claire.buchanan@northwestern.edu,2019-09-06 17:08:00 UTC,2019-09-06 17:08:00 UTC,1,create,,HawaiiOctober2018,,42.0564832,-87.6737579,POINT (-87.6737579 42.0564832),6ba5f120-d537-4038-8901-b5db4b4ec935,bef23c81-0e92-4176-a671-5768dd11b03d,Yes,Very Few (1-3),c0e00066-16c7-45e1-ae15-ad3a3987cadd,,https://web.fulcrumapp.com/photos/view?photos=c0e00066-16c7-45e1-ae15-ad3a3987cadd,2019-09-05,12:21,162.700012207031,16.795,,,
cbf1bc8c-578d-4a20-a425-75a755d889c0,2019-09-05 17:22:16 UTC,2019-09-05 17:22:58 UTC,claire.buchanan@northwestern.edu,claire.buchanan@northwestern.edu,2019-09-06 17:08:01 UTC,2019-09-06 17:08:01 UTC,1,create,,HawaiiOctober2018,,42.0564907,-87.6737573,POINT (-87.6737573 42.0564907),6ba5f120-d537-4038-8901-b5db4b4ec935,2f5f5b87-ab3a-47fa-9f9f-193970ef4127,Yes,Very Few (1-3),51524290-7b19-4dc5-ac6c-9b0fd15fbf59,,https://web.fulcrumapp.com/photos/view?photos=51524290-7b19-4dc5-ac6c-9b0fd15fbf59,2019-09-05,12:22,162.5,14.351,,,
8c6e3761-3b27-45ea-8b37-199d0d27d4b2,2019-09-05 17:23:07 UTC,2019-09-05 17:29:46 UTC,claire.buchanan@northwestern.edu,claire.buchanan@northwestern.edu,2019-09-06 17:08:01 UTC,2019-09-06 17:08:01 UTC,1,create,,HawaiiOctober2018,,42.0564837,-87.673759,POINT (-87.673759 42.0564837),6ba5f120-d537-4038-8901-b5db4b4ec935,742a136f-1fb4-436b-9897-15fbc1c2be71,Yes,Very Few (1-3),6fe8b1c6-3e67-483f-8f5a-129176689853,,https://web.fulcrumapp.com/photos/view?photos=6fe8b1c6-3e67-483f-8f5a-129176689853,2019-09-05,12:23,162.5,14.177,,,
6a303ed6-1216-40b6-9b8f-3368cc857919,2019-09-05 17:29:50 UTC,2019-09-05 17:33:11 UTC,claire.buchanan@northwestern.edu,claire.buchanan@northwestern.edu,2019-09-06 17:08:02 UTC,2019-09-06 17:08:02 UTC,1,create,,HawaiiOctober2018,,42.0564737,-87.6737689,POINT (-87.6737689 42.0564737),6ba5f120-d537-4038-8901-b5db4b4ec935,888a23c4-51cd-420f-83bf-de1ac14ccadb,Yes,Few (4-10),13bfe07f-bc74-4889-b7e4-51f555ea9b57,,https://web.fulcrumapp.com/photos/view?photos=13bfe07f-bc74-4889-b7e4-51f555ea9b57,2019-09-05,12:29,162.700012207031,12.549,,,
0eecc3c6-91c2-477d-8f79-99d5b43bca92,2019-09-05 17:33:50 UTC,2019-09-05 17:56:46 UTC,claire.buchanan@northwestern.edu,claire.buchanan@northwestern.edu,2019-09-06 17:08:02 UTC,2019-09-06 17:08:02 UTC,1,create,,HawaiiOctober2018,,42.0564786,-87.6737639,POINT (-87.6737639 42.0564786),6ba5f120-d537-4038-8901-b5db4b4ec935,3ee6238b-13cb-4c20-b532-e6591d3d612f,Tracks,,01327891-2e83-441c-8148-d7ffa6af8c3b,,https://web.fulcrumapp.com/photos/view?photos=01327891-2e83-441c-8148-d7ffa6af8c3b,2019-09-05,12:33,162.5,12.9,,,
85c97798-ef5f-45f3-8955-819e6dec4743,2019-09-05 17:57:41 UTC,2019-09-05 18:01:58 UTC,claire.buchanan@northwestern.edu,claire.buchanan@northwestern.edu,2019-09-06 17:08:03 UTC,2019-09-06 17:08:03 UTC,1,create,,HawaiiOctober2018,,42.0564828,-87.6737583,POINT (-87.6737583 42.0564828),6ba5f120-d537-4038-8901-b5db4b4ec935,6f9c6c6b-5138-41f6-95ea-0764ebc95664,Yes,Very Few (1-3),c2b3edb2-3eb6-46ad-90ff-aad1d2fd9cca,,https://web.fulcrumapp.com/photos/view?photos=c2b3edb2-3eb6-46ad-90ff-aad1d2fd9cca,2019-09-05,12:57,162.700012207031,16.75,,,
a9e498a9-e113-4367-98ee-4662d445eb6c,2019-09-05 18:02:49 UTC,2019-09-05 18:05:47 UTC,claire.buchanan@northwestern.edu,claire.buchanan@northwestern.edu,2019-09-06 17:08:03 UTC,2019-09-06 17:08:03 UTC,1,create,,HawaiiOctober2018,,42.0564748,-87.673753,POINT (-87.673753 42.0564748),6ba5f120-d537-4038-8901-b5db4b4ec935,9e84d66f-ff0b-4b79-a180-df7fa684220b,Yes,Few (4-10),73913d83-89e6-4988-b6e6-284512b30e09,,https://web.fulcrumapp.com/photos/view?photos=73913d83-89e6-4988-b6e6-284512b30e09,2019-09-05,13:02,162.5,13.823,,,
221e4cff-82c1-48f9-a8aa-043e80e57ccf,2019-09-05 18:06:34 UTC,2019-09-05 18:08:55 UTC,claire.buchanan@northwestern.edu,claire.buchanan@northwestern.edu,2019-09-06 17:08:04 UTC,2019-09-06 17:08:04 UTC,1,create,,HawaiiOctober2018,,42.056484,-87.6737576,POINT (-87.6737576 42.056484),6ba5f120-d537-4038-8901-b5db4b4ec935,bdebedc5-b88c-4b1e-8aa7-9498912fed3a,Tracks,,f4ff0e1c-dae8-4270-9329-41ad4701865d,,https://web.fulcrumapp.com/photos/view?photos=f4ff0e1c-dae8-4270-9329-41ad4701865d,2019-09-05,13:06,162.5,14.047,,,
17f4733f-e577-4834-a3a4-109c0c4cc232,2019-09-05 18:09:16 UTC,2019-09-05 18:16:37 UTC,claire.buchanan@northwestern.edu,claire.buchanan@northwestern.edu,2019-09-06 17:08:04 UTC,2019-09-06 17:08:04 UTC,1,create,,HawaiiOctober2018,,42.0564781,-87.6737649,POINT (-87.6737649 42.0564781),6ba5f120-d537-4038-8901-b5db4b4ec935,bbf14955-fbb6-4fa6-9207-790a563ed0c8,Yes,Very Few (1-3),18fb4676-209c-49da-94e6-45451da97607,,https://web.fulcrumapp.com/photos/view?photos=18fb4676-209c-49da-94e6-45451da97607,2019-09-05,13:09,162.700012207031,13.6,,,
efa985e5-4df3-4731-b0f7-481c98bcb43c,2019-09-05 18:18:46 UTC,2019-09-05 18:23:04 UTC,claire.buchanan@northwestern.edu,claire.buchanan@northwestern.edu,2019-09-06 17:08:05 UTC,2019-09-06 17:08:05 UTC,1,create,,HawaiiOctober2018,,42.056458,-87.6737705,POINT (-87.6737705 42.056458),6ba5f120-d537-4038-8901-b5db4b4ec935,dea83dc8-34fe-4981-a642-c97d656a2ce2,Yes,Few (4-10),704eaa3a-8c53-44a8-8093-e5df858aaeda,,https://web.fulcrumapp.com/photos/view?photos=704eaa3a-8c53-44a8-8093-e5df858aaeda,2019-09-05,13:18,162.700012207031,12.355,,,
b7ee7f3a-19ac-4be2-82ef-530869d1e593,2019-09-05 18:37:09 UTC,2019-09-05 18:40:00 UTC,claire.buchanan@northwestern.edu,claire.buchanan@northwestern.edu,2019-09-06 17:08:06 UTC,2019-09-06 17:08:06 UTC,1,create,,HawaiiOctober2018,,42.0564828,-87.6737581,POINT (-87.6737581 42.0564828),6ba5f120-d537-4038-8901-b5db4b4ec935,cd9faaf7-6817-45fe-a9b6-ce73a7226d57,Yes,Proliferating (25+),5b7d0da2-d269-4f64-bcf9-763989ef757c,,https://web.fulcrumapp.com/photos/view?photos=5b7d0da2-d269-4f64-bcf9-763989ef757c,2019-09-05,13:37,162.700012207031,11.844,,,
d6c8267b-d578-441a-9c43-2df78c0383f3,2019-09-05 18:40:43 UTC,2019-09-05 18:45:06 UTC,claire.buchanan@northwestern.edu,claire.buchanan@northwestern.edu,2019-09-06 17:08:07 UTC,2019-09-06 17:08:07 UTC,1,create,,HawaiiOctober2018,,42.056483,-87.673769,POINT (-87.673769 42.056483),6ba5f120-d537-4038-8901-b5db4b4ec935,58fd11d3-45ed-4b1a-8dfe-cd6f21c93e4a,Yes,Few (4-10),da71c072-1828-46e5-a1d2-7db1ff11e7ac,,https://web.fulcrumapp.com/photos/view?photos=da71c072-1828-46e5-a1d2-7db1ff11e7ac,2019-09-05,13:40,162.700012207031,14.072,,,
3671fa0a-d059-4797-b748-d1f856cba262,2019-09-05 18:50:21 UTC,2019-09-05 18:52:34 UTC,claire.buchanan@northwestern.edu,claire.buchanan@northwestern.edu,2019-09-06 17:08:07 UTC,2019-09-06 17:08:07 UTC,1,create,,HawaiiOctober2018,,42.0564828,-87.6737586,POINT (-87.6737586 42.0564828),6ba5f120-d537-4038-8901-b5db4b4ec935,64595244-e29f-4867-9402-2995402c261d,Yes,Few (4-10),b1e83777-a4b4-4198-8959-996e49473af0,,https://web.fulcrumapp.com/photos/view?photos=b1e83777-a4b4-4198-8959-996e49473af0,2019-09-05,13:50,162.700012207031,14.17,,,
e7abecf2-9259-4da3-840b-b695e9db7bec,2019-09-05 18:54:58 UTC,2019-09-05 18:58:09 UTC,claire.buchanan@northwestern.edu,claire.buchanan@northwestern.edu,2019-09-06 17:08:08 UTC,2019-09-06 17:08:08 UTC,1,create,,HawaiiOctober2018,,42.056484,-87.6737569,POINT (-87.6737569 42.056484),6ba5f120-d537-4038-8901-b5db4b4ec935,ff2618f5-0157-4fe2-bb41-e5af15cc7358,Yes,Very Few (1-3),b9bbe551-e181-45c5-8144-0efc9720e7e8,,https://web.fulcrumapp.com/photos/view?photos=b9bbe551-e181-45c5-8144-0efc9720e7e8,2019-09-05,13:54,162.700012207031,16.84,,,
7c39dba0-7f39-4635-8a61-e59af36d1c84,2019-09-05 19:04:25 UTC,2019-09-05 19:08:35 UTC,claire.buchanan@northwestern.edu,claire.buchanan@northwestern.edu,2019-09-06 17:08:08 UTC,2019-09-06 17:08:08 UTC,1,create,,HawaiiOctober2018,,42.0564825,-87.6737565,POINT (-87.6737565 42.0564825),6ba5f120-d537-4038-8901-b5db4b4ec935,7a45172f-2d70-4f8a-b5ba-27a8204855e8,Yes,Few (4-10),0e30c604-f7fb-4e4f-a6e7-04b1c3baf5ab,,https://web.fulcrumapp.com/photos/view?photos=0e30c604-f7fb-4e4f-a6e7-04b1c3baf5ab,2019-09-05,14:04,162.700012207031,13.863,,,
f8f64d79-6113-4ecb-af2d-c4451e3ba1a7,2019-09-05 19:08:55 UTC,2019-09-05 19:16:14 UTC,claire.buchanan@northwestern.edu,claire.buchanan@northwestern.edu,2019-09-06 17:08:09 UTC,2019-09-06 17:08:09 UTC,1,create,,HawaiiOctober2018,,42.0564795,-87.673767,POINT (-87.673767 42.0564795),6ba5f120-d537-4038-8901-b5db4b4ec935,54e7bd72-6fa6-49fc-af34-35f8ccb648fc,Yes,Very Few (1-3),496d7743-3cac-49ba-97e5-d4d7f796553e,,https://web.fulcrumapp.com/photos/view?photos=496d7743-3cac-49ba-97e5-d4d7f796553e,2019-09-05,14:08,162.700012207031,14.035,,,
7d0b5a9f-e496-4b20-919e-fc4bae4ac1f0,2019-09-05 19:17:13 UTC,2019-09-05 19:19:55 UTC,claire.buchanan@northwestern.edu,claire.buchanan@northwestern.edu,2019-09-06 17:08:10 UTC,2019-09-06 17:08:10 UTC,1,create,,HawaiiOctober2018,,42.0564822,-87.6737604,POINT (-87.6737604 42.0564822),6ba5f120-d537-4038-8901-b5db4b4ec935,55d87939-bc29-4639-a8d2-be897fd94f34,Tracks,,1fedb04c-eaec-406b-8e28-5685763dd340,,https://web.fulcrumapp.com/photos/view?photos=1fedb04c-eaec-406b-8e28-5685763dd340,2019-09-05,14:17,162.700012207031,14.585,,,
3bf025f2-6a4c-48b3-b3a0-582813cdd399,2019-09-05 19:21:02 UTC,2019-09-05 19:27:53 UTC,claire.buchanan@northwestern.edu,claire.buchanan@northwestern.edu,2019-09-06 17:08:10 UTC,2019-09-06 17:08:10 UTC,1,create,,HawaiiOctober2018,,42.056484,-87.673758,POINT (-87.673758 42.056484),6ba5f120-d537-4038-8901-b5db4b4ec935,b4d50ec7-b93e-44ca-b91e-9c3657d689b0,Yes,Very Few (1-3),65f9596d-874d-4a8d-a1e6-1dc2f06d6503,,https://web.fulcrumapp.com/photos/view?photos=65f9596d-874d-4a8d-a1e6-1dc2f06d6503,2019-09-05,14:21,162.5,14.155,,,
3dee929a-07e6-462d-9d87-2bd0528afff2,2019-09-05 19:28:06 UTC,2019-09-05 19:29:41 UTC,claire.buchanan@northwestern.edu,claire.buchanan@northwestern.edu,2019-09-06 17:08:10 UTC,2019-09-06 17:08:10 UTC,1,create,,HawaiiOctober2018,,42.0564827,-87.673763,POINT (-87.673763 42.0564827),6ba5f120-d537-4038-8901-b5db4b4ec935,ff42a631-5061-4167-82ec-451ec5fede97,No,,c9fabeab-3a82-45b5-a27c-4bdaee96209c,,https://web.fulcrumapp.com/photos/view?photos=c9fabeab-3a82-45b5-a27c-4bdaee96209c,2019-09-05,14:28,162.700012207031,11.841,,,
17ca6f60-69d6-45ec-b3f5-8cad613bcb17,2019-09-05 19:30:47 UTC,2019-09-05 19:35:57 UTC,claire.buchanan@northwestern.edu,claire.buchanan@northwestern.edu,2019-09-06 17:08:11 UTC,2019-09-06 17:08:11 UTC,1,create,,HawaiiOctober2018,,42.0564826,-87.6737579,POINT (-87.6737579 42.0564826),6ba5f120-d537-4038-8901-b5db4b4ec935,98e2acb0-5262-4429-99a8-cfb05fe2eb8e,Yes,Very Few (1-3),0c2b196a-abaf-4165-850b-182e50f9a540,,https://web.fulcrumapp.com/photos/view?photos=0c2b196a-abaf-4165-850b-182e50f9a540,2019-09-05,14:30,162.700012207031,14.028,,,
a052eed6-2b8c-4a37-98b7-b31a13fe0b27,2019-09-05 19:35:59 UTC,2019-09-05 19:40:14 UTC,claire.buchanan@northwestern.edu,claire.buchanan@northwestern.edu,2019-09-06 17:08:12 UTC,2019-09-06 17:08:12 UTC,1,create,,HawaiiOctober2018,,42.0564829,-87.6737581,POINT (-87.6737581 42.0564829),6ba5f120-d537-4038-8901-b5db4b4ec935,409ceb95-718e-4291-84c8-c837379d4a53,Yes,Few (4-10),bb84c427-c1f4-4222-be10-9c2b3ea09e30,,https://web.fulcrumapp.com/photos/view?photos=bb84c427-c1f4-4222-be10-9c2b3ea09e30,2019-09-05,14:35,162.700012207031,14.217,,,
12a21c2e-2921-442f-9dce-16d436c7e24d,2019-09-06 12:53:49 UTC,2019-09-06 12:57:14 UTC,claire.buchanan@northwestern.edu,claire.buchanan@northwestern.edu,2019-09-06 17:08:13 UTC,2019-09-06 17:08:13 UTC,1,create,,HawaiiOctober2018,,42.0564839,-87.6737573,POINT (-87.6737573 42.0564839),6ba5f120-d537-4038-8901-b5db4b4ec935,cadbe35d-bb48-428c-a30a-b824e937dd77,Yes,Few (4-10),09421d33-ce6a-45c9-898f-f7d60401547c,,https://web.fulcrumapp.com/photos/view?photos=09421d33-ce6a-45c9-898f-f7d60401547c,2019-09-06,07:53,162.700012207031,14.085,,,
d6e8d143-e5ed-4b45-9b37-82b25a317865,2019-09-06 12:57:16 UTC,2019-09-06 13:00:56 UTC,claire.buchanan@northwestern.edu,claire.buchanan@northwestern.edu,2019-09-06 17:08:13 UTC,2019-09-06 17:08:13 UTC,1,create,,HawaiiOctober2018,,42.0564831,-87.6737578,POINT (-87.6737578 42.0564831),6ba5f120-d537-4038-8901-b5db4b4ec935,adcdf668-6d32-474c-a2b5-e5fa06cd9628,Yes,Very Few (1-3),d46955b6-20f1-450f-9019-d9daa254a0ee,,https://web.fulcrumapp.com/photos/view?photos=d46955b6-20f1-450f-9019-d9daa254a0ee,2019-09-06,07:57,162.5,9.139,,,
a0ec45b1-6816-4afa-b45f-2a905c3d1657,2019-09-06 13:01:04 UTC,2019-09-06 13:03:40 UTC,claire.buchanan@northwestern.edu,claire.buchanan@northwestern.edu,2019-09-06 17:08:14 UTC,2019-09-06 17:08:14 UTC,1,create,,HawaiiOctober2018,,42.0564834,-87.6737585,POINT (-87.6737585 42.0564834),6ba5f120-d537-4038-8901-b5db4b4ec935,242b64b8-dc45-443a-80a7-4c59fcb5534d,Tracks,,4bf6d8a5-b619-471b-bb5a-22cbacce5b81,,https://web.fulcrumapp.com/photos/view?photos=4bf6d8a5-b619-471b-bb5a-22cbacce5b81,2019-09-06,08:01,162.700012207031,14.188,,,
896937e6-50a3-4b38-9c18-9c2f9e6dcc60,2019-09-06 13:03:51 UTC,2019-09-06 13:08:40 UTC,claire.buchanan@northwestern.edu,claire.buchanan@northwestern.edu,2019-09-06 17:08:15 UTC,2019-09-06 17:08:15 UTC,1,create,,HawaiiOctober2018,,42.0564835,-87.6737587,POINT (-87.6737587 42.0564835),6ba5f120-d537-4038-8901-b5db4b4ec935,edc4dd79-7fc6-42dd-8d2d-15dbc1c26669,Tracks,,ff161edb-af7e-43fd-a97d-b7d41d321669,,https://web.fulcrumapp.com/photos/view?photos=ff161edb-af7e-43fd-a97d-b7d41d321669,2019-09-06,08:03,162.700012207031,14.165,,,
2ee4c3f5-3761-4650-94f6-2fddb58a5f6b,2019-09-06 13:09:51 UTC,2019-09-06 13:12:49 UTC,claire.buchanan@northwestern.edu,claire.buchanan@northwestern.edu,2019-09-06 17:08:15 UTC,2019-09-06 17:08:15 UTC,1,create,,HawaiiOctober2018,,42.0564845,-87.6737591,POINT (-87.6737591 42.0564845),6ba5f120-d537-4038-8901-b5db4b4ec935,8ff3f42d-02b1-4057-8469-3b06f39f6e0d,Tracks,,decbed1f-bcb8-43fe-a327-ce112fcf2d02,,https://web.fulcrumapp.com/photos/view?photos=decbed1f-bcb8-43fe-a327-ce112fcf2d02,2019-09-06,08:09,162.700012207031,14.129,,,
1ea395b9-721f-4f8d-aca1-451067f9012f,2019-09-06 13:13:35 UTC,2019-09-06 13:16:39 UTC,claire.buchanan@northwestern.edu,claire.buchanan@northwestern.edu,2019-09-06 17:08:16 UTC,2019-09-06 17:08:16 UTC,1,create,,HawaiiOctober2018,,42.0564842,-87.6737586,POINT (-87.6737586 42.0564842),6ba5f120-d537-4038-8901-b5db4b4ec935,5b47fe24-9ae9-45e5-b7da-3f9a4f29b9e9,Yes,Few (4-10),e398583e-d13c-4aa5-be9d-c1f327757767,,https://web.fulcrumapp.com/photos/view?photos=e398583e-d13c-4aa5-be9d-c1f327757767,2019-09-06,08:13,162.700012207031,14.179,,,
082222a7-be5d-4bfd-ab7a-3541c6751d46,2019-09-06 13:17:04 UTC,2019-09-06 13:19:48 UTC,claire.buchanan@northwestern.edu,claire.buchanan@northwestern.edu,2019-09-06 17:08:16 UTC,2019-09-06 17:08:16 UTC,1,create,,HawaiiOctober2018,,42.0564834,-87.6737589,POINT (-87.6737589 42.0564834),6ba5f120-d537-4038-8901-b5db4b4ec935,e607afc1-b97c-4b0d-a9cc-e808023ffe9b,Tracks,,e7e99421-1465-465a-abf1-07a98f4ee469,,https://web.fulcrumapp.com/photos/view?photos=e7e99421-1465-465a-abf1-07a98f4ee469,2019-09-06,08:17,162.700012207031,14.281,,,
d864bdaf-371e-4918-8e59-b0bdf14864db,2019-09-06 13:19:52 UTC,2019-09-06 13:23:30 UTC,claire.buchanan@northwestern.edu,claire.buchanan@northwestern.edu,2019-09-06 17:08:17 UTC,2019-09-06 17:08:17 UTC,1,create,,HawaiiOctober2018,,42.0564802,-87.6737619,POINT (-87.6737619 42.0564802),6ba5f120-d537-4038-8901-b5db4b4ec935,46fc34db-7d5a-4d90-b9ff-e8c16b22887b,Yes,Few (4-10),d49db511-0c84-41eb-99ab-7464dcbf5930,,https://web.fulcrumapp.com/photos/view?photos=d49db511-0c84-41eb-99ab-7464dcbf5930,2019-09-06,08:19,162.700012207031,14.132,,,
99e83bd2-6c1e-47cf-a84b-59101e897157,2019-09-06 13:30:04 UTC,2019-09-06 13:37:24 UTC,claire.buchanan@northwestern.edu,claire.buchanan@northwestern.edu,2019-09-06 17:08:18 UTC,2019-09-06 17:08:18 UTC,1,create,,HawaiiOctober2018,,42.056484,-87.6737594,POINT (-87.6737594 42.056484),6ba5f120-d537-4038-8901-b5db4b4ec935,60de73ad-5c99-4972-ba22-c750acfd5b72,Yes,Very Few (1-3),75cc593f-fce9-4c35-a416-edcccf4f283e,,https://web.fulcrumapp.com/photos/view?photos=75cc593f-fce9-4c35-a416-edcccf4f283e,2019-09-06,08:30,162.700012207031,14.157,,,
2c3d505e-1a06-4966-a1b5-3778bb088dc4,2019-09-06 13:34:39 UTC,2019-09-06 13:40:50 UTC,claire.buchanan@northwestern.edu,claire.buchanan@northwestern.edu,2019-09-06 17:08:18 UTC,2019-09-06 17:08:18 UTC,1,create,,HawaiiOctober2018,,42.0564838,-87.6737588,POINT (-87.6737588 42.0564838),6ba5f120-d537-4038-8901-b5db4b4ec935,c2d12129-266b-442c-8cd5-8da65405d844,Tracks,,0bbac81f-4b92-4c8f-a884-bc46b6d67b42,,https://web.fulcrumapp.com/photos/view?photos=0bbac81f-4b92-4c8f-a884-bc46b6d67b42,2019-09-06,08:34,162.700012207031,14.078,,,
0694dae8-8652-4609-9113-6dbc83fd2732,2019-09-06 13:40:52 UTC,2019-09-06 13:48:30 UTC,claire.buchanan@northwestern.edu,claire.buchanan@northwestern.edu,2019-09-06 17:08:18 UTC,2019-09-06 17:08:18 UTC,1,create,,HawaiiOctober2018,,42.0564834,-87.673758,POINT (-87.673758 42.0564834),6ba5f120-d537-4038-8901-b5db4b4ec935,873f071c-31d9-4fe6-8467-12e410e401dc,Tracks,,cb68c2e0-7686-4acc-82a7-be0deadfb297,,https://web.fulcrumapp.com/photos/view?photos=cb68c2e0-7686-4acc-82a7-be0deadfb297,2019-09-06,08:40,162.700012207031,14.212,,,
334eb708-2024-4fde-a659-72f271233cf6,2019-09-06 13:48:35 UTC,2019-09-06 13:53:35 UTC,claire.buchanan@northwestern.edu,claire.buchanan@northwestern.edu,2019-09-06 17:08:19 UTC,2019-09-06 17:08:19 UTC,1,create,,HawaiiOctober2018,,42.0564832,-87.6737591,POINT (-87.6737591 42.0564832),6ba5f120-d537-4038-8901-b5db4b4ec935,fa3c0fef-b0e7-45de-b5ba-e8f4a68da13d,Yes,Very Few (1-3),60249b1f-d425-465e-8104-4462e76ce01c,,https://web.fulcrumapp.com/photos/view?photos=60249b1f-d425-465e-8104-4462e76ce01c,2019-09-06,08:48,162.700012207031,14.184,,,
e2a9c62a-baf1-4943-a798-48959a8a8d0b,2019-09-06 13:53:37 UTC,2019-09-06 13:56:15 UTC,claire.buchanan@northwestern.edu,claire.buchanan@northwestern.edu,2019-09-06 17:08:19 UTC,2019-09-06 17:08:19 UTC,1,create,,HawaiiOctober2018,,42.0564845,-87.673769,POINT (-87.673769 42.0564845),6ba5f120-d537-4038-8901-b5db4b4ec935,4475cdc7-d581-49ff-8bca-97ba92dcfb43,No,,76156ed1-7ff7-4cfd-87a9-54ea6aee05e4,,https://web.fulcrumapp.com/photos/view?photos=76156ed1-7ff7-4cfd-87a9-54ea6aee05e4,2019-09-06,08:53,162.700012207031,14.893,,,
9e62a5c4-5fe3-4e56-93c4-dd0df9859afb,2019-09-06 13:57:08 UTC,2019-09-06 14:03:17 UTC,claire.buchanan@northwestern.edu,claire.buchanan@northwestern.edu,2019-09-06 17:08:20 UTC,2019-09-06 17:08:20 UTC,1,create,,HawaiiOctober2018,,42.0564832,-87.6737592,POINT (-87.6737592 42.0564832),6ba5f120-d537-4038-8901-b5db4b4ec935,091c3b42-5b92-4f21-b5b8-0f49fa6933be,Yes,Some (11-25),8a4683ab-d530-40f5-a847-e9c8ce6edc55,,https://web.fulcrumapp.com/photos/view?photos=8a4683ab-d530-40f5-a847-e9c8ce6edc55,2019-09-06,08:57,162.700012207031,14.211,,,
9f2c0e66-8593-498f-a865-cfdb2bfa9126,2019-09-06 14:06:46 UTC,2019-09-06 14:09:49 UTC,claire.buchanan@northwestern.edu,claire.buchanan@northwestern.edu,2019-09-06 17:08:20 UTC,2019-09-06 17:08:20 UTC,1,create,,HawaiiOctober2018,,42.0564838,-87.6737585,POINT (-87.6737585 42.0564838),6ba5f120-d537-4038-8901-b5db4b4ec935,66e48a1c-2b33-4cdb-86b0-16242d34ae6e,Yes,Few (4-10),17179a81-8226-4cac-9f9f-ea5516a9ac3e,,https://web.fulcrumapp.com/photos/view?photos=17179a81-8226-4cac-9f9f-ea5516a9ac3e,2019-09-06,09:06,162.700012207031,12.662,,,
ca873e26-a5e1-4ab0-ab66-f3ca08d58594,2019-09-06 14:11:00 UTC,2019-09-06 14:14:29 UTC,claire.buchanan@northwestern.edu,claire.buchanan@northwestern.edu,2019-09-06 17:08:21 UTC,2019-09-06 17:08:21 UTC,1,create,,HawaiiOctober2018,,42.0564843,-87.673759,POINT (-87.673759 42.0564843),6ba5f120-d537-4038-8901-b5db4b4ec935,df9b92f9-9d14-4269-89e9-350534d76ca3,Tracks,,daf6397f-d5e0-43e4-a32a-d469d574e59f,,https://web.fulcrumapp.com/photos/view?photos=daf6397f-d5e0-43e4-a32a-d469d574e59f,2019-09-06,09:11,162.700012207031,13.964,,,
aa5bb6e3-9519-4ac0-a514-97fec9fea550,2019-09-06 14:14:33 UTC,2019-09-06 14:17:11 UTC,claire.buchanan@northwestern.edu,claire.buchanan@northwestern.edu,2019-09-06 17:08:21 UTC,2019-09-06 17:08:21 UTC,1,create,,HawaiiOctober2018,,42.0564837,-87.6737594,POINT (-87.6737594 42.0564837),6ba5f120-d537-4038-8901-b5db4b4ec935,f9ebf019-dd3e-451e-85fc-c08b3ae8efa2,Tracks,,cb07b5ff-a716-4284-812c-1d94f9ded6a4,,https://web.fulcrumapp.com/photos/view?photos=cb07b5ff-a716-4284-812c-1d94f9ded6a4,2019-09-06,09:14,162.700012207031,14.18,,,
31600973-f6e8-4d8b-a974-8658fbbd1369,2019-09-06 14:17:35 UTC,2019-09-06 14:20:52 UTC,claire.buchanan@northwestern.edu,claire.buchanan@northwestern.edu,2019-09-06 17:08:22 UTC,2019-09-06 17:08:22 UTC,1,create,,HawaiiOctober2018,,42.0564832,-87.673759,POINT (-87.673759 42.0564832),6ba5f120-d537-4038-8901-b5db4b4ec935,d38f749a-93e2-4a93-827c-87d3f1f1377e,Yes,Few (4-10),b3a86fdf-3277-43e3-a485-d15c7a05b9e6,,https://web.fulcrumapp.com/photos/view?photos=b3a86fdf-3277-43e3-a485-d15c7a05b9e6,2019-09-06,09:17,162.700012207031,14.116,,,
0a37a29b-b7be-4117-8d9f-a01b9623b4f9,2019-09-06 14:29:23 UTC,2019-09-06 14:32:27 UTC,claire.buchanan@northwestern.edu,claire.buchanan@northwestern.edu,2019-09-06 17:08:22 UTC,2019-09-06 17:08:22 UTC,1,create,,HawaiiOctober2018,,42.0564833,-87.6737593,POINT (-87.6737593 42.0564833),6ba5f120-d537-4038-8901-b5db4b4ec935,752a7790-1787-4759-af67-68b07552df5f,Tracks,,24ffbf6f-c510-42ec-a839-94a160111150,,https://web.fulcrumapp.com/photos/view?photos=24ffbf6f-c510-42ec-a839-94a160111150,2019-09-06,09:29,162.700012207031,14.135,,,
54eec5a6-5926-4512-b79d-c665794d9d3d,2019-09-06 14:32:45 UTC,2019-09-06 14:35:45 UTC,claire.buchanan@northwestern.edu,claire.buchanan@northwestern.edu,2019-09-06 17:08:23 UTC,2019-09-06 17:08:23 UTC,1,create,,HawaiiOctober2018,,42.0564811,-87.6737621,POINT (-87.6737621 42.0564811),6ba5f120-d537-4038-8901-b5db4b4ec935,3428652c-ef90-4cef-a84a-ded3d4743760,Yes,Very Few (1-3),0222b1cf-f06d-48c5-921e-f5715811375e,,https://web.fulcrumapp.com/photos/view?photos=0222b1cf-f06d-48c5-921e-f5715811375e,2019-09-06,09:32,162.700012207031,12.218,,,
d4dbfc4a-139b-4dc6-9ed3-07c6f17fd848,2019-09-06 14:36:28 UTC,2019-09-06 14:40:24 UTC,claire.buchanan@northwestern.edu,claire.buchanan@northwestern.edu,2019-09-06 17:08:23 UTC,2019-09-06 17:08:23 UTC,1,create,,HawaiiOctober2018,,42.0564834,-87.6737587,POINT (-87.6737587 42.0564834),6ba5f120-d537-4038-8901-b5db4b4ec935,f3a19e5c-50a6-432f-94f9-eebf2b75b659,No,,f01abca0-9422-4ae8-8c05-9283bff3115d,,https://web.fulcrumapp.com/photos/view?photos=f01abca0-9422-4ae8-8c05-9283bff3115d,2019-09-06,09:36,162.700012207031,14.26,,,
ed4ffe11-776a-4c89-b46e-e57e00d673d0,2019-09-06 14:40:44 UTC,2019-09-06 14:42:32 UTC,claire.buchanan@northwestern.edu,claire.buchanan@northwestern.edu,2019-09-06 17:08:24 UTC,2019-09-06 17:08:24 UTC,1,create,,HawaiiOctober2018,,42.0564839,-87.6737579,POINT (-87.6737579 42.0564839),6ba5f120-d537-4038-8901-b5db4b4ec935,25271f6b-4af9-466e-bab5-0c455d916b16,No,,5639f520-a23f-4f41-ac4a-2b861f8e301e,,https://web.fulcrumapp.com/photos/view?photos=5639f520-a23f-4f41-ac4a-2b861f8e301e,2019-09-06,09:40,162.5,13.923,,,
b182c48b-95ae-47a9-a64f-739577a4a9ae,2019-09-06 14:42:56 UTC,2019-09-06 14:45:27 UTC,claire.buchanan@northwestern.edu,claire.buchanan@northwestern.edu,2019-09-06 17:08:24 UTC,2019-09-06 17:08:24 UTC,1,create,,HawaiiOctober2018,,42.0564831,-87.6737592,POINT (-87.6737592 42.0564831),6ba5f120-d537-4038-8901-b5db4b4ec935,1bf238ef-6f3d-445e-94c5-d3d98eb46b91,Yes,Some (11-25),bc855e2b-fb86-42a2-8988-1bc5be4625af,,https://web.fulcrumapp.com/photos/view?photos=bc855e2b-fb86-42a2-8988-1bc5be4625af,2019-09-06,09:42,162.700012207031,14.226,,,
a2e6c03d-674b-4d8b-866a-fe75b1912aa8,2019-09-06 14:45:40 UTC,2019-09-06 14:47:07 UTC,claire.buchanan@northwestern.edu,claire.buchanan@northwestern.edu,2019-09-06 17:08:25 UTC,2019-09-06 17:08:25 UTC,1,create,,HawaiiOctober2018,,42.056483,-87.6737588,POINT (-87.6737588 42.056483),6ba5f120-d537-4038-8901-b5db4b4ec935,e42ab3a4-694a-408f-9dd5-a9b19a517987,No,,e545cd55-04eb-4f86-bad8-ad3991cb2f80,,https://web.fulcrumapp.com/photos/view?photos=e545cd55-04eb-4f86-bad8-ad3991cb2f80,2019-09-06,09:45,162.700012207031,14.159,,,
b7e69454-10d8-4583-8e91-5fb1bf4c67bb,2019-09-06 14:47:55 UTC,2019-09-06 14:50:03 UTC,claire.buchanan@northwestern.edu,claire.buchanan@northwestern.edu,2019-09-06 17:08:26 UTC,2019-09-06 17:08:26 UTC,1,create,,HawaiiOctober2018,,42.0564835,-87.6737488,POINT (-87.6737488 42.0564835),6ba5f120-d537-4038-8901-b5db4b4ec935,bf636aa3-f2bb-4778-a764-e8bc91a8733f,No,,c86eb329-cc97-4a1e-b006-580fd9a852d4,,https://web.fulcrumapp.com/photos/view?photos=c86eb329-cc97-4a1e-b006-580fd9a852d4,2019-09-06,09:47,162.700012207031,14.249,,,
c2763877-4afc-449f-9898-792ad8afbec4,2019-09-06 14:50:52 UTC,2019-09-06 15:08:06 UTC,claire.buchanan@northwestern.edu,claire.buchanan@northwestern.edu,2019-09-06 17:08:27 UTC,2019-09-06 17:08:27 UTC,1,create,,HawaiiOctober2018,,42.0564908,-87.673759,POINT (-87.673759 42.0564908),6ba5f120-d537-4038-8901-b5db4b4ec935,de86156b-20e3-422f-ab2f-c1e5c5b79cb7,Yes,Few (4-10),e7cd8411-637e-485d-8846-2d0adf2a16a9,,https://web.fulcrumapp.com/photos/view?photos=e7cd8411-637e-485d-8846-2d0adf2a16a9,2019-09-06,09:50,162.700012207031,14.017,,,
81dc964d-21fd-4b10-bf3f-eb97504e2490,2019-09-06 14:55:15 UTC,2019-09-06 14:57:00 UTC,claire.buchanan@northwestern.edu,claire.buchanan@northwestern.edu,2019-09-06 17:08:28 UTC,2019-09-06 17:08:28 UTC,1,create,,HawaiiOctober2018,,42.0564834,-87.6737589,POINT (-87.6737589 42.0564834),6ba5f120-d537-4038-8901-b5db4b4ec935,3aea8d60-5d21-4345-b87a-724209bf814e,No,,e52cf605-929d-4547-85ee-750f2dae2017,,https://web.fulcrumapp.com/photos/view?photos=e52cf605-929d-4547-85ee-750f2dae2017,2019-09-06,09:55,162.700012207031,14.163,,,
69a0f50a-2ebc-4169-9aa1-7d907ce6c910,2019-09-06 14:57:16 UTC,2019-09-06 14:59:46 UTC,claire.buchanan@northwestern.edu,claire.buchanan@northwestern.edu,2019-09-06 17:08:28 UTC,2019-09-06 17:08:28 UTC,1,create,,HawaiiOctober2018,,42.056483,-87.673758,POINT (-87.673758 42.056483),6ba5f120-d537-4038-8901-b5db4b4ec935,cfa40700-9778-4fc1-bbbd-95fc6de3a79a,Tracks,,bd749243-f093-4992-9adf-092df1c870e2,,https://web.fulcrumapp.com/photos/view?photos=bd749243-f093-4992-9adf-092df1c870e2,2019-09-06,09:57,162.700012207031,14.101,,,
06f379ba-e975-4a8f-8577-64327a5a7050,2019-09-06 15:00:19 UTC,2019-09-06 15:03:37 UTC,claire.buchanan@northwestern.edu,claire.buchanan@northwestern.edu,2019-09-06 17:08:29 UTC,2019-09-06 17:08:29 UTC,1,create,,HawaiiOctober2018,,42.0564835,-87.6737593,POINT (-87.6737593 42.0564835),6ba5f120-d537-4038-8901-b5db4b4ec935,a6bfab26-bfab-48a4-b4ae-6c1504b50bf5,Yes,Few (4-10),cf9c278e-2fd4-4b3b-ba65-404a4e8c68ce,,https://web.fulcrumapp.com/photos/view?photos=cf9c278e-2fd4-4b3b-ba65-404a4e8c68ce,2019-09-06,10:00,162.700012207031,14.103,,,
9b31bf2b-3860-46e1-a8c7-103effbc0060,2019-09-06 15:04:24 UTC,2019-09-06 15:08:10 UTC,claire.buchanan@northwestern.edu,claire.buchanan@northwestern.edu,2019-09-06 17:08:29 UTC,2019-09-06 17:08:29 UTC,1,create,,HawaiiOctober2018,,42.056484,-87.6737579,POINT (-87.6737579 42.056484),6ba5f120-d537-4038-8901-b5db4b4ec935,5e308020-1556-4b4f-b8bf-a95e17ef3086,Tracks,,b6e1f713-325b-4450-9e07-c840858651ad,,https://web.fulcrumapp.com/photos/view?photos=b6e1f713-325b-4450-9e07-c840858651ad,2019-09-06,10:04,162.700012207031,14.017,,,
cc090f20-53e3-4a61-a51f-bca974f82c70,2019-09-06 15:08:12 UTC,2019-09-06 15:10:50 UTC,claire.buchanan@northwestern.edu,claire.buchanan@northwestern.edu,2019-09-06 17:08:29 UTC,2019-09-06 17:08:29 UTC,1,create,,HawaiiOctober2018,,42.0564809,-87.6737622,POINT (-87.6737622 42.0564809),6ba5f120-d537-4038-8901-b5db4b4ec935,42886324-20a1-480f-bf0f-e25b3280effb,Tracks,,bb9c608f-c247-483d-8fe7-17fa0560dd7b,,https://web.fulcrumapp.com/photos/view?photos=bb9c608f-c247-483d-8fe7-17fa0560dd7b,2019-09-06,10:08,162.700012207031,11.972,,,
2d658554-d5c4-4382-9174-d3754b010a40,2019-09-06 15:10:56 UTC,2019-09-06 15:13:32 UTC,claire.buchanan@northwestern.edu,claire.buchanan@northwestern.edu,2019-09-06 17:08:30 UTC,2019-09-06 17:08:30 UTC,1,create,,HawaiiOctober2018,,42.0564832,-87.6737588,POINT (-87.6737588 42.0564832),6ba5f120-d537-4038-8901-b5db4b4ec935,54efaf1e-2108-470a-847a-a4414a5fafa7,Tracks,,92f5eea8-76b7-4820-8a33-482c68b547f3,,https://web.fulcrumapp.com/photos/view?photos=92f5eea8-76b7-4820-8a33-482c68b547f3,2019-09-06,10:10,162.700012207031,14.222,,,
cddc3a07-2c92-4b35-818c-d62bad9dd76f,2019-09-06 15:13:53 UTC,2019-09-06 15:15:53 UTC,claire.buchanan@northwestern.edu,claire.buchanan@northwestern.edu,2019-09-06 17:08:30 UTC,2019-09-06 17:08:30 UTC,1,create,,HawaiiOctober2018,,42.0564837,-87.6737576,POINT (-87.6737576 42.0564837),6ba5f120-d537-4038-8901-b5db4b4ec935,aeb6947e-e942-4af6-9337-7c3c47c06242,No,,c25e495b-524e-4188-a85d-be222cfa2484,,https://web.fulcrumapp.com/photos/view?photos=c25e495b-524e-4188-a85d-be222cfa2484,2019-09-06,10:13,162.5,14.167,,,
011feea6-d5af-45ae-9ce3-139787f83777,2019-09-06 15:38:29 UTC,2019-09-06 15:40:00 UTC,claire.buchanan@northwestern.edu,claire.buchanan@northwestern.edu,2019-09-06 17:08:31 UTC,2019-09-06 17:08:31 UTC,1,create,,HawaiiOctober2018,,42.0564832,-87.6737589,POINT (-87.6737589 42.0564832),6ba5f120-d537-4038-8901-b5db4b4ec935,650ef5a8-a81c-4781-a690-dca92fed4e11,No,,3d96400d-481b-4e5b-83eb-666536c69c0d,,https://web.fulcrumapp.com/photos/view?photos=3d96400d-481b-4e5b-83eb-666536c69c0d,2019-09-06,10:38,162.700012207031,14.114,,,
c1be7835-b0df-4982-a901-7d30525ba77a,2019-09-06 15:40:15 UTC,2019-09-06 15:43:41 UTC,claire.buchanan@northwestern.edu,claire.buchanan@northwestern.edu,2019-09-06 17:08:31 UTC,2019-09-06 17:08:31 UTC,1,create,,HawaiiOctober2018,,42.0564834,-87.6737583,POINT (-87.6737583 42.0564834),6ba5f120-d537-4038-8901-b5db4b4ec935,1aca1166-a0ab-46fc-9b13-225068490de6,Yes,Few (4-10),3aab0f21-9c6f-47e2-9f4b-61e08e3faa70,,https://web.fulcrumapp.com/photos/view?photos=3aab0f21-9c6f-47e2-9f4b-61e08e3faa70,2019-09-06,10:40,162.700012207031,14.099,,,
f6cb441b-cf6a-4b6b-bcc6-bc17208f10c4,2019-09-06 15:43:47 UTC,2019-09-06 15:45:24 UTC,claire.buchanan@northwestern.edu,claire.buchanan@northwestern.edu,2019-09-06 17:08:31 UTC,2019-09-06 17:08:31 UTC,1,create,,HawaiiOctober2018,,42.0564948,-87.6737511,POINT (-87.6737511 42.0564948),6ba5f120-d537-4038-8901-b5db4b4ec935,b23c3b62-afba-4b2d-ba90-d0f48e2525a5,No,,fe12e6c8-9b24-4091-9ce5-7378b643504a,,https://web.fulcrumapp.com/photos/view?photos=fe12e6c8-9b24-4091-9ce5-7378b643504a,2019-09-06,10:43,162.5,14.06,,,
478ce492-1b62-4bfe-8214-f9b13ac6dd57,2019-09-06 15:45:27 UTC,2019-09-06 15:47:22 UTC,claire.buchanan@northwestern.edu,claire.buchanan@northwestern.edu,2019-09-06 17:08:32 UTC,2019-09-06 17:08:32 UTC,1,create,,HawaiiOctober2018,,42.056493,-87.6737603,POINT (-87.6737603 42.056493),6ba5f120-d537-4038-8901-b5db4b4ec935,946f0165-8619-4d14-a90d-bd5e50b671d8,Tracks,,3b01a647-a58b-430c-baf1-5a8e66410ce0,,https://web.fulcrumapp.com/photos/view?photos=3b01a647-a58b-430c-baf1-5a8e66410ce0,2019-09-06,10:45,162.5,12.115,,,
b1d08cfb-50b7-47e4-b469-848e084a64ed,2019-09-06 15:48:01 UTC,2019-09-06 15:49:39 UTC,claire.buchanan@northwestern.edu,claire.buchanan@northwestern.edu,2019-09-06 17:08:32 UTC,2019-09-06 17:08:32 UTC,1,create,,HawaiiOctober2018,,42.0564837,-87.6737591,POINT (-87.6737591 42.0564837),6ba5f120-d537-4038-8901-b5db4b4ec935,ad903809-acc1-4a42-99bc-489a0295623b,No,,894429ef-6d16-40dc-9fd1-93d7dc991002,,https://web.fulcrumapp.com/photos/view?photos=894429ef-6d16-40dc-9fd1-93d7dc991002,2019-09-06,10:48,162.700012207031,14.048,,,
06ecc382-fbe1-48c3-b0c6-10189662c41e,2019-09-06 15:49:41 UTC,2019-09-06 15:51:15 UTC,claire.buchanan@northwestern.edu,claire.buchanan@northwestern.edu,2019-09-06 17:08:33 UTC,2019-09-06 17:08:33 UTC,1,create,,HawaiiOctober2018,,42.0564845,-87.6737716,POINT (-87.6737716 42.0564845),6ba5f120-d537-4038-8901-b5db4b4ec935,f79b47f5-23f0-45a8-a54e-46301ef6d607,No,,e5d59048-9fae-4d0a-bd84-fdcfc3c7c91a,,https://web.fulcrumapp.com/photos/view?photos=e5d59048-9fae-4d0a-bd84-fdcfc3c7c91a,2019-09-06,10:49,162.700012207031,11.493,,,
5458496f-422c-4c79-9fcd-99646a9461b0,2019-09-06 15:51:18 UTC,2019-09-06 15:53:24 UTC,claire.buchanan@northwestern.edu,claire.buchanan@northwestern.edu,2019-09-06 17:08:34 UTC,2019-09-06 17:08:34 UTC,1,create,,HawaiiOctober2018,,42.0564834,-87.673759,POINT (-87.673759 42.0564834),6ba5f120-d537-4038-8901-b5db4b4ec935,4cf16944-3d04-4049-996c-4d7bff62b044,Tracks,,21a5225a-763b-43b4-8e90-0a0bae87b6cd,,https://web.fulcrumapp.com/photos/view?photos=21a5225a-763b-43b4-8e90-0a0bae87b6cd,2019-09-06,10:51,162.700012207031,16.726,,,
ed1c2800-2d95-4378-96b3-90bb88aa6266,2019-09-06 15:53:26 UTC,2019-09-06 15:57:24 UTC,claire.buchanan@northwestern.edu,claire.buchanan@northwestern.edu,2019-09-06 17:08:35 UTC,2019-09-06 17:08:35 UTC,1,create,,HawaiiOctober2018,,42.0564763,-87.6737832,POINT (-87.6737832 42.0564763),6ba5f120-d537-4038-8901-b5db4b4ec935,d8731e03-de51-4254-996e-9772a24735d2,Tracks,,2a81d99b-df07-4649-8318-d2c139cdead1,,https://web.fulcrumapp.com/photos/view?photos=2a81d99b-df07-4649-8318-d2c139cdead1,2019-09-06,10:53,162.700012207031,11.46,,,
0a48c44e-985c-4b62-a22f-e4defa3b3528,2019-09-06 15:58:05 UTC,2019-09-06 16:00:17 UTC,claire.buchanan@northwestern.edu,claire.buchanan@northwestern.edu,2019-09-06 17:08:36 UTC,2019-09-06 17:08:36 UTC,1,create,,HawaiiOctober2018,,42.0564831,-87.6737588,POINT (-87.6737588 42.0564831),6ba5f120-d537-4038-8901-b5db4b4ec935,ee830e13-2cef-4b8c-8262-dbd6cbe144a6,Yes,Very Few (1-3),cf57bcad-d65b-437b-bc5b-4e143f34a09c,,https://web.fulcrumapp.com/photos/view?photos=cf57bcad-d65b-437b-bc5b-4e143f34a09c,2019-09-06,10:58,162.700012207031,14.067,,,
815c3159-4c76-44c8-bf5b-48b0d57b7e4d,2019-09-06 16:00:35 UTC,2019-09-06 16:05:11 UTC,claire.buchanan@northwestern.edu,claire.buchanan@northwestern.edu,2019-09-06 17:08:37 UTC,2019-09-06 17:08:37 UTC,1,create,,HawaiiOctober2018,,42.0564942,-87.6737555,POINT (-87.6737555 42.0564942),6ba5f120-d537-4038-8901-b5db4b4ec935,fb331ded-5eac-4f86-a9dd-7cdea207f375,Yes,Few (4-10),9082380b-e90a-454f-8404-3b668443f16a,,https://web.fulcrumapp.com/photos/view?photos=9082380b-e90a-454f-8404-3b668443f16a,2019-09-06,11:00,162.700012207031,14.161,,,
c61ac1fc-63d8-48d7-a673-a23cbf75fdc4,2019-09-06 16:05:17 UTC,2019-09-06 16:07:24 UTC,claire.buchanan@northwestern.edu,claire.buchanan@northwestern.edu,2019-09-06 17:08:37 UTC,2019-09-06 17:08:37 UTC,1,create,,HawaiiOctober2018,,42.056483,-87.6737579,POINT (-87.6737579 42.056483),6ba5f120-d537-4038-8901-b5db4b4ec935,af8ee53c-e3a7-469a-9fde-102c3cb40165,Tracks,,be90aa54-6c37-4237-9452-99edfc87baa3,,https://web.fulcrumapp.com/photos/view?photos=be90aa54-6c37-4237-9452-99edfc87baa3,2019-09-06,11:05,162.700012207031,9.189,,,
ed0ad013-06b7-469e-84a8-4c7f2506d12f,2019-09-06 16:07:37 UTC,2019-09-06 16:11:07 UTC,claire.buchanan@northwestern.edu,claire.buchanan@northwestern.edu,2019-09-06 17:08:38 UTC,2019-09-06 17:08:38 UTC,1,create,,HawaiiOctober2018,,42.0564906,-87.6737587,POINT (-87.6737587 42.0564906),6ba5f120-d537-4038-8901-b5db4b4ec935,1c24983c-36a3-49a0-a3ea-1ef463e4f423,Yes,Few (4-10),e69670e9-f739-4c48-91da-ca0799f4b706,,https://web.fulcrumapp.com/photos/view?photos=e69670e9-f739-4c48-91da-ca0799f4b706,2019-09-06,11:07,162.700012207031,14.153,,,
81a7c5b9-fda8-4d9b-a589-ef0fab177df3,2019-09-06 16:11:19 UTC,2019-09-06 16:16:26 UTC,claire.buchanan@northwestern.edu,claire.buchanan@northwestern.edu,2019-09-06 17:08:39 UTC,2019-09-06 17:08:39 UTC,1,create,,HawaiiOctober2018,,42.0564831,-87.6737591,POINT (-87.6737591 42.0564831),6ba5f120-d537-4038-8901-b5db4b4ec935,1f38cb3f-cbe6-49b8-b685-63bb96dfa31f,Yes,Very Few (1-3),b5ab223e-91c5-463d-a761-d97808f62000,,https://web.fulcrumapp.com/photos/view?photos=b5ab223e-91c5-463d-a761-d97808f62000,2019-09-06,11:11,162.700012207031,14.219,,,
50ab87b5-05ba-4775-8a4f-7d2122b3a42b,2019-09-06 16:16:35 UTC,2019-09-06 16:19:01 UTC,claire.buchanan@northwestern.edu,claire.buchanan@northwestern.edu,2019-09-06 17:08:39 UTC,2019-09-06 17:08:39 UTC,1,create,,HawaiiOctober2018,,42.0564834,-87.673759,POINT (-87.673759 42.0564834),6ba5f120-d537-4038-8901-b5db4b4ec935,51203e0e-8397-487e-a87a-dca438dcac4e,Yes,Few (4-10),99de3f5d-eb3f-4863-a214-4b07a3a88782,,https://web.fulcrumapp.com/photos/view?photos=99de3f5d-eb3f-4863-a214-4b07a3a88782,2019-09-06,11:16,162.700012207031,14.142,,,
bcc9da0d-8e33-46f3-9428-4434e4fa12a6,2019-09-06 16:19:18 UTC,2019-09-06 16:20:54 UTC,claire.buchanan@northwestern.edu,claire.buchanan@northwestern.edu,2019-09-06 17:08:40 UTC,2019-09-06 17:08:40 UTC,1,create,,HawaiiOctober2018,,42.0564903,-87.673751,POINT (-87.673751 42.0564903),6ba5f120-d537-4038-8901-b5db4b4ec935,51a4f8aa-ec2f-48f1-a0bc-78ece968b12c,No,,5b733d25-0623-459f-93e7-43ecdcf56f2f,,https://web.fulcrumapp.com/photos/view?photos=5b733d25-0623-459f-93e7-43ecdcf56f2f,2019-09-06,11:19,162.700012207031,14.253,,,
c3ee1938-e881-488d-9b75-c3535ab937eb,2019-09-06 16:20:56 UTC,2019-09-06 16:34:55 UTC,claire.buchanan@northwestern.edu,claire.buchanan@northwestern.edu,2019-09-06 17:08:40 UTC,2019-09-06 17:08:40 UTC,1,create,,HawaiiOctober2018,,42.0564794,-87.6737731,POINT (-87.6737731 42.0564794),6ba5f120-d537-4038-8901-b5db4b4ec935,0212c8a8-6e37-4d3e-a869-aa53782b84b1,No,,32aceb6c-a327-4a4f-9f1c-be064c2fea97,,https://web.fulcrumapp.com/photos/view?photos=32aceb6c-a327-4a4f-9f1c-be064c2fea97,2019-09-06,11:20,162.700012207031,13.489,,,
99c24101-8da6-4f63-8b14-f1beaf41a863,2019-09-06 16:35:15 UTC,2019-09-06 16:36:26 UTC,claire.buchanan@northwestern.edu,claire.buchanan@northwestern.edu,2019-09-06 17:08:41 UTC,2019-09-06 17:08:41 UTC,1,create,,HawaiiOctober2018,,42.0564837,-87.6737477,POINT (-87.6737477 42.0564837),6ba5f120-d537-4038-8901-b5db4b4ec935,3f98f54f-c1e6-43fc-b6cc-18d612a11f96,No,,3dc5a2fd-385a-4843-9f14-c38a3894e9f0,,https://web.fulcrumapp.com/photos/view?photos=3dc5a2fd-385a-4843-9f14-c38a3894e9f0,2019-09-06,11:35,162.700012207031,14.322,,,
640fd404-c01f-46e8-94e0-5803913b06f2,2019-09-01 16:02:38 UTC,2019-09-05 23:27:56 UTC,emilyjahn2020@u.northwestern.edu,emilyjahn2020@u.northwestern.edu,2019-09-05 18:30:10 UTC,2019-09-07 15:11:06 UTC,2,update,,2019_Emily_Jahn,,42.0565135,-87.6737585,POINT (-87.6737585 42.0565135),42c89621-a285-488f-bcd9-fd20fe520d71,375d6524-f07d-4d24-b5fa-ece1e1061a73,Yes,Very Few (1-3),,,,2019-09-01,11:02,162.700012207031,14.644,,,
5f6ac4a9-601f-4789-851f-5672e3d12a33,2019-09-01 16:14:01 UTC,2019-09-05 23:27:48 UTC,emilyjahn2020@u.northwestern.edu,emilyjahn2020@u.northwestern.edu,2019-09-05 18:30:11 UTC,2019-09-07 15:11:07 UTC,2,update,,2019_Emily_Jahn,,42.0565114,-87.6737574,POINT (-87.6737574 42.0565114),42c89621-a285-488f-bcd9-fd20fe520d71,3faa5f4f-fc0e-40c9-8a16-6fb697da87ad,Yes,Very Few (1-3),"33b4025c-49b0-4174-806a-8eccf2b9172d,e453fec4-1f2a-4a2e-a1e0-a6d48c314a91",",",https://web.fulcrumapp.com/photos/view?photos=33b4025c-49b0-4174-806a-8eccf2b9172d%2Ce453fec4-1f2a-4a2e-a1e0-a6d48c314a91,2019-09-01,11:14,162.600006103516,16.57,,,
2daef2d6-0dcf-4dd7-9db1-29fa0d0ff092,2019-09-01 16:20:22 UTC,2019-09-05 23:27:41 UTC,emilyjahn2020@u.northwestern.edu,emilyjahn2020@u.northwestern.edu,2019-09-05 18:30:11 UTC,2019-09-07 15:11:07 UTC,2,update,,2019_Emily_Jahn,,42.0565114,-87.6737565,POINT (-87.6737565 42.0565114),42c89621-a285-488f-bcd9-fd20fe520d71,db4c6e41-af48-409a-9b3d-c119515478d8,No,,71eb06a6-77cc-4fcb-b26a-7384940ab798,,https://web.fulcrumapp.com/photos/view?photos=71eb06a6-77cc-4fcb-b26a-7384940ab798,2019-09-01,11:20,162.600006103516,14.273,,,
2f4543a6-29a0-454e-99a4-cddb590581a6,2019-09-01 16:21:07 UTC,2019-09-05 23:27:01 UTC,emilyjahn2020@u.northwestern.edu,emilyjahn2020@u.northwestern.edu,2019-09-05 18:30:12 UTC,2019-09-07 15:11:08 UTC,2,update,,2019_Emily_Jahn,,42.0564902,-87.6737567,POINT (-87.6737567 42.0564902),42c89621-a285-488f-bcd9-fd20fe520d71,fe657223-f90b-4ccc-a3ae-7e3281007169,Yes,Very Few (1-3),"75ec4a13-b9d8-4336-ac7d-d44e2b5025cd,e135643e-20b1-4d88-8633-57bdb6576006",",",https://web.fulcrumapp.com/photos/view?photos=75ec4a13-b9d8-4336-ac7d-d44e2b5025cd%2Ce135643e-20b1-4d88-8633-57bdb6576006,2019-09-01,11:21,162.600006103516,14.025,,,
07aea3b7-9c44-413e-9a68-c3e5d02b4b43,2019-09-01 16:31:26 UTC,2019-09-05 23:26:55 UTC,emilyjahn2020@u.northwestern.edu,emilyjahn2020@u.northwestern.edu,2019-09-05 18:30:13 UTC,2019-09-07 15:11:08 UTC,2,update,,2019_Emily_Jahn,,42.0564903,-87.673757,POINT (-87.673757 42.0564903),42c89621-a285-488f-bcd9-fd20fe520d71,efd9b5b6-5fd8-4357-9d76-fefcdc0f2dd9,No,,"d6ffc3cf-5dc0-4d42-a25f-58691ffd8361,ec908f75-7076-4e0c-85a5-3abf4fae097b",",",https://web.fulcrumapp.com/photos/view?photos=d6ffc3cf-5dc0-4d42-a25f-58691ffd8361%2Cec908f75-7076-4e0c-85a5-3abf4fae097b,2019-09-01,11:31,162.600006103516,14.147,,,
c5891411-bc07-45ac-ab87-94ec6a54a902,2019-09-01 16:32:48 UTC,2019-09-05 23:26:50 UTC,emilyjahn2020@u.northwestern.edu,emilyjahn2020@u.northwestern.edu,2019-09-05 18:30:14 UTC,2019-09-07 15:11:09 UTC,2,update,,2019_Emily_Jahn,,42.0565006,-87.6737606,POINT (-87.6737606 42.0565006),42c89621-a285-488f-bcd9-fd20fe520d71,d8ca46dc-7de5-4a93-b698-47f854aa3229,No,,"0f2cbcaa-2340-4540-a729-7681e102fdd0,19bd338f-dbb5-4815-bfd3-9fbc402a3709",",",https://web.fulcrumapp.com/photos/view?photos=0f2cbcaa-2340-4540-a729-7681e102fdd0%2C19bd338f-dbb5-4815-bfd3-9fbc402a3709,2019-09-01,11:32,162.600006103516,16.801,,,
3b876d81-155a-4b44-85fd-31c067df7211,2019-09-01 16:34:36 UTC,2019-09-05 23:26:45 UTC,emilyjahn2020@u.northwestern.edu,emilyjahn2020@u.northwestern.edu,2019-09-05 18:30:15 UTC,2019-09-07 15:11:09 UTC,2,update,,2019_Emily_Jahn,,42.0565184,-87.6737573,POINT (-87.6737573 42.0565184),42c89621-a285-488f-bcd9-fd20fe520d71,a593920b-c8c7-497d-817c-f4c9ea8aa88f,Yes,Very Few (1-3),"809cec91-e6d4-44c2-87bc-3bb5130febcb,ba6912b8-56b3-4716-b708-b113919461cf",",",https://web.fulcrumapp.com/photos/view?photos=809cec91-e6d4-44c2-87bc-3bb5130febcb%2Cba6912b8-56b3-4716-b708-b113919461cf,2019-09-01,11:34,162.600006103516,17.656,,,
41900d60-5b98-454e-8ce7-8d2801c3c96a,2019-09-01 16:49:13 UTC,2019-09-05 23:26:40 UTC,emilyjahn2020@u.northwestern.edu,emilyjahn2020@u.northwestern.edu,2019-09-05 18:30:15 UTC,2019-09-07 15:11:10 UTC,2,update,,2019_Emily_Jahn,,42.0564903,-87.6737568,POINT (-87.6737568 42.0564903),42c89621-a285-488f-bcd9-fd20fe520d71,70203c8b-5af2-4bca-b7a6-60f3304af5d1,Tracks,,"e311beca-b0f7-4ade-abfe-adaf0040433d,bb3fc89a-81b6-49fe-9858-d1fb8e105f0b",",",https://web.fulcrumapp.com/photos/view?photos=e311beca-b0f7-4ade-abfe-adaf0040433d%2Cbb3fc89a-81b6-49fe-9858-d1fb8e105f0b,2019-09-01,11:49,162.600006103516,16.786,,,
c564104d-afd2-4243-a73a-d1beb760e633,2019-09-01 16:52:46 UTC,2019-09-05 23:26:35 UTC,emilyjahn2020@u.northwestern.edu,emilyjahn2020@u.northwestern.edu,2019-09-05 18:30:16 UTC,2019-09-07 15:11:10 UTC,2,update,,2019_Emily_Jahn,,42.0565052,-87.6737724,POINT (-87.6737724 42.0565052),42c89621-a285-488f-bcd9-fd20fe520d71,32b9fd46-c11d-4f9b-8116-cfdc391e81f4,No,,"fc6355c2-0ccf-4510-8dcc-596eb941702d,8661a803-ed34-4706-8b19-e878d33ea9e2",",",https://web.fulcrumapp.com/photos/view?photos=fc6355c2-0ccf-4510-8dcc-596eb941702d%2C8661a803-ed34-4706-8b19-e878d33ea9e2,2019-09-01,11:52,162.700012207031,14.08,,,
578c61d8-1875-40d4-b1ec-0792d027ea8e,2019-09-01 16:56:26 UTC,2019-09-05 18:38:48 UTC,emilyjahn2020@u.northwestern.edu,emilyjahn2020@u.northwestern.edu,2019-09-05 18:30:17 UTC,2019-09-07 15:11:10 UTC,2,update,,2019_Emily_Jahn,,42.0565011,-87.6737608,POINT (-87.6737608 42.0565011),42c89621-a285-488f-bcd9-fd20fe520d71,2f39cb43-b1a2-47ca-b896-1e20166e70d1,Yes,Very Few (1-3),"f849c5e6-2b26-4548-8ee5-8d673d73650b,29d803a6-33e7-4538-8370-53b129992aa0",",",https://web.fulcrumapp.com/photos/view?photos=f849c5e6-2b26-4548-8ee5-8d673d73650b%2C29d803a6-33e7-4538-8370-53b129992aa0,2019-09-01,11:56,162.600006103516,16.65,,,
6b353b9b-8834-4bc1-b91d-60686aad81ef,2019-09-01 17:05:09 UTC,2019-09-05 18:38:39 UTC,emilyjahn2020@u.northwestern.edu,emilyjahn2020@u.northwestern.edu,2019-09-05 18:30:17 UTC,2019-09-07 15:11:11 UTC,2,update,,2019_Emily_Jahn,,42.0565196,-87.6737586,POINT (-87.6737586 42.0565196),42c89621-a285-488f-bcd9-fd20fe520d71,3113ff6f-11a9-4a4e-ac66-833144e862c8,No,,b91bf5e3-1d76-4b4b-87ca-855350ac7677,,https://web.fulcrumapp.com/photos/view?photos=b91bf5e3-1d76-4b4b-87ca-855350ac7677,2019-09-01,12:05,162.700012207031,17.782,,,
330ae125-79e0-494b-a98f-5517e9bb3cb7,2019-09-01 17:06:23 UTC,2019-09-05 18:38:32 UTC,emilyjahn2020@u.northwestern.edu,emilyjahn2020@u.northwestern.edu,2019-09-05 18:30:18 UTC,2019-09-07 15:11:11 UTC,2,update,,2019_Emily_Jahn,,42.0564908,-87.6737579,POINT (-87.6737579 42.0564908),42c89621-a285-488f-bcd9-fd20fe520d71,8377c680-de51-4455-a515-5ae9b93c49e4,No,,"b6942d28-8e3d-4c06-919a-6050b687c4e6,44a6eea6-7e4d-4d2f-a6ba-86b4e9857804",",",https://web.fulcrumapp.com/photos/view?photos=b6942d28-8e3d-4c06-919a-6050b687c4e6%2C44a6eea6-7e4d-4d2f-a6ba-86b4e9857804,2019-09-01,12:06,162.700012207031,16.794,,,
1f244daf-2049-45dd-aec3-ac04cb0bf920,2019-09-06 20:10:10 UTC,2019-09-06 20:24:24 UTC,emilyjahn2020@u.northwestern.edu,emilyjahn2020@u.northwestern.edu,2019-09-07 15:11:11 UTC,2019-09-07 15:11:11 UTC,1,create,,2019_Emily_Jahn,,42.0565116,-87.6737585,POINT (-87.6737585 42.0565116),42c89621-a285-488f-bcd9-fd20fe520d71,0e9f0336-de47-4280-a712-6c7019d1cefe,Yes,Very Few (1-3),"c0f0c8dc-24fe-4a7a-a073-9ece5d9cee2e,b34d016a-c12f-434b-a15a-33c237d93832",",",https://web.fulcrumapp.com/photos/view?photos=c0f0c8dc-24fe-4a7a-a073-9ece5d9cee2e%2Cb34d016a-c12f-434b-a15a-33c237d93832,2019-09-06,15:10,162.700012207031,14.985,,,
7a82abbf-80c4-4966-a8da-60f5f2b637f5,2019-09-06 20:24:33 UTC,2019-09-06 20:31:47 UTC,emilyjahn2020@u.northwestern.edu,emilyjahn2020@u.northwestern.edu,2019-09-07 15:11:12 UTC,2019-09-07 15:11:12 UTC,1,create,,2019_Emily_Jahn,,42.0565186,-87.6737578,POINT (-87.6737578 42.0565186),42c89621-a285-488f-bcd9-fd20fe520d71,f3d4b55f-d315-4818-9d51-8025462b9961,Yes,Very Few (1-3),"61eba149-d109-454d-a525-5499cd04c244,d9329361-23d6-4741-9d5c-d1e775e3a5e5",",",https://web.fulcrumapp.com/photos/view?photos=61eba149-d109-454d-a525-5499cd04c244%2Cd9329361-23d6-4741-9d5c-d1e775e3a5e5,2019-09-06,15:24,162.700012207031,14.84,,,
eb9ca911-27d0-4646-934c-06f2cc08720c,2019-09-06 20:32:04 UTC,2019-09-06 20:41:08 UTC,emilyjahn2020@u.northwestern.edu,emilyjahn2020@u.northwestern.edu,2019-09-07 15:11:12 UTC,2019-09-07 15:11:12 UTC,1,create,,2019_Emily_Jahn,,42.0565012,-87.6737589,POINT (-87.6737589 42.0565012),42c89621-a285-488f-bcd9-fd20fe520d71,8faaf80e-c298-4c55-b561-36131071dc89,Yes,Few (4-10),"7aaa2b9a-8248-4ca1-839f-8096b707672b,2991dd78-5244-439f-8693-2a6622512736",",",https://web.fulcrumapp.com/photos/view?photos=7aaa2b9a-8248-4ca1-839f-8096b707672b%2C2991dd78-5244-439f-8693-2a6622512736,2019-09-06,15:32,162.700012207031,14.965,,,
a45ec68d-044f-4038-9bcd-6b735b5ca080,2019-09-06 20:41:19 UTC,2019-09-06 20:52:35 UTC,emilyjahn2020@u.northwestern.edu,emilyjahn2020@u.northwestern.edu,2019-09-07 15:11:13 UTC,2019-09-07 15:11:13 UTC,1,create,,2019_Emily_Jahn,,42.056519,-87.6737584,POINT (-87.6737584 42.056519),42c89621-a285-488f-bcd9-fd20fe520d71,c0412c0d-37ee-473d-8803-465d49528c52,Yes,Few (4-10),"eb4e957d-952b-4312-8a36-49a47a441a56,424d39e7-0b06-4d23-964a-f58b2a05cac1",",",https://web.fulcrumapp.com/photos/view?photos=eb4e957d-952b-4312-8a36-49a47a441a56%2C424d39e7-0b06-4d23-964a-f58b2a05cac1,2019-09-06,15:41,162.700012207031,17.654,,,
d1cf6dd2-8ada-4a4f-9b86-90b701e58d82,2019-09-06 20:54:52 UTC,2019-09-06 21:01:26 UTC,emilyjahn2020@u.northwestern.edu,emilyjahn2020@u.northwestern.edu,2019-09-07 15:11:13 UTC,2019-09-07 15:11:13 UTC,1,create,,2019_Emily_Jahn,,42.0565115,-87.6737587,POINT (-87.6737587 42.0565115),42c89621-a285-488f-bcd9-fd20fe520d71,68fbdcec-a747-4347-bfb7-6e677547d1a3,Yes,Very Few (1-3),"081379cb-fcf7-4887-889f-7c841eb06e49,4798fdbb-386a-4c0c-870b-c067a1162c19",",",https://web.fulcrumapp.com/photos/view?photos=081379cb-fcf7-4887-889f-7c841eb06e49%2C4798fdbb-386a-4c0c-870b-c067a1162c19,2019-09-06,15:54,162.700012207031,14.902,,,
3cf82796-90d1-4f95-b4a8-7836ba98e0c8,2019-09-06 21:01:28 UTC,2019-09-06 21:07:06 UTC,emilyjahn2020@u.northwestern.edu,emilyjahn2020@u.northwestern.edu,2019-09-07 15:11:14 UTC,2019-09-07 15:11:14 UTC,1,create,,2019_Emily_Jahn,,42.0565048,-87.6737552,POINT (-87.6737552 42.0565048),42c89621-a285-488f-bcd9-fd20fe520d71,1f424e8d-b1e6-4289-99ec-fa6c5069b7bf,Yes,Very Few (1-3),"b0f4a204-80fe-4a8b-bb64-e4672f532975,1597b4c5-2a64-4770-bec3-059b79d4d523",",",https://web.fulcrumapp.com/photos/view?photos=b0f4a204-80fe-4a8b-bb64-e4672f532975%2C1597b4c5-2a64-4770-bec3-059b79d4d523,2019-09-06,16:01,162.700012207031,14.745,,,
59b1c695-8180-4a2c-b65c-2cd14f3b34a0,2019-09-06 21:07:50 UTC,2019-09-06 21:16:04 UTC,emilyjahn2020@u.northwestern.edu,emilyjahn2020@u.northwestern.edu,2019-09-07 15:11:14 UTC,2019-09-07 15:11:14 UTC,1,create,,2019_Emily_Jahn,,42.0564839,-87.6737691,POINT (-87.6737691 42.0564839),42c89621-a285-488f-bcd9-fd20fe520d71,52a48fc4-4c07-4f4c-9a83-effd80a2e3dc,Yes,Very Few (1-3),"271d6d4e-1295-4681-a6c5-db495c987c5d,0bfd391d-e82d-41bc-9e0f-a366818b3e65",",",https://web.fulcrumapp.com/photos/view?photos=271d6d4e-1295-4681-a6c5-db495c987c5d%2C0bfd391d-e82d-41bc-9e0f-a366818b3e65,2019-09-06,16:07,162.700012207031,14.836,,,
9a1a8e4f-0b51-4976-8948-5a97da26d12a,2019-09-06 21:16:09 UTC,2019-09-06 21:23:50 UTC,emilyjahn2020@u.northwestern.edu,emilyjahn2020@u.northwestern.edu,2019-09-07 15:11:15 UTC,2019-09-07 15:11:15 UTC,1,create,,2019_Emily_Jahn,,42.0565188,-87.6737581,POINT (-87.6737581 42.0565188),42c89621-a285-488f-bcd9-fd20fe520d71,816110a5-a208-4f40-a4f3-e8f35b90671a,Yes,Very Few (1-3),"4cdba179-9a88-492a-8e3e-bea4342638e0,97be7614-a519-47b1-aa6f-e82b86a0bd13",",",https://web.fulcrumapp.com/photos/view?photos=4cdba179-9a88-492a-8e3e-bea4342638e0%2C97be7614-a519-47b1-aa6f-e82b86a0bd13,2019-09-06,16:16,162.700012207031,15.029,,,
a754555c-e348-49ed-8168-59127f9c4866,2019-09-06 21:23:52 UTC,2019-09-06 21:28:01 UTC,emilyjahn2020@u.northwestern.edu,emilyjahn2020@u.northwestern.edu,2019-09-07 15:11:15 UTC,2019-09-07 15:11:15 UTC,1,create,,2019_Emily_Jahn,,42.0565191,-87.6737586,POINT (-87.6737586 42.0565191),42c89621-a285-488f-bcd9-fd20fe520d71,dec9c009-175f-4ae7-9c2b-ea9a82b4c7c3,Tracks,,"aefbea73-1e79-47fd-9d2d-aa0beefb53f8,588eef26-2490-413e-8610-23568b5a8b11",",",https://web.fulcrumapp.com/photos/view?photos=aefbea73-1e79-47fd-9d2d-aa0beefb53f8%2C588eef26-2490-413e-8610-23568b5a8b11,2019-09-06,16:23,162.700012207031,17.664,,,
c8db2209-924b-48cd-8b85-b6d589987479,2019-09-06 21:28:08 UTC,2019-09-06 21:32:01 UTC,emilyjahn2020@u.northwestern.edu,emilyjahn2020@u.northwestern.edu,2019-09-07 15:11:16 UTC,2019-09-07 15:11:16 UTC,1,create,,2019_Emily_Jahn,,42.0564912,-87.6737588,POINT (-87.6737588 42.0564912),42c89621-a285-488f-bcd9-fd20fe520d71,14bf4d17-f091-4c40-9365-67cfeb68954f,Tracks,,"86875510-4a5d-4a80-a7f4-0662ff0567f1,55083ae0-2393-4e42-9430-39499a1491f4",",",https://web.fulcrumapp.com/photos/view?photos=86875510-4a5d-4a80-a7f4-0662ff0567f1%2C55083ae0-2393-4e42-9430-39499a1491f4,2019-09-06,16:28,162.700012207031,17.788,,,
3e8def92-921c-4db5-8c45-4a10dc16e9a0,2019-09-06 21:32:08 UTC,2019-09-06 21:37:16 UTC,emilyjahn2020@u.northwestern.edu,emilyjahn2020@u.northwestern.edu,2019-09-07 15:11:16 UTC,2019-09-07 15:11:16 UTC,1,create,,2019_Emily_Jahn,,42.0565046,-87.6737544,POINT (-87.6737544 42.0565046),42c89621-a285-488f-bcd9-fd20fe520d71,7e03dd51-4eda-42d3-b918-42044ff9b4ef,Yes,Very Few (1-3),"441b2d62-b5d2-48dd-b41d-b8806e5f6573,5661fe74-9eac-448e-826e-494b9be6b0c9",",",https://web.fulcrumapp.com/photos/view?photos=441b2d62-b5d2-48dd-b41d-b8806e5f6573%2C5661fe74-9eac-448e-826e-494b9be6b0c9,2019-09-06,16:32,162.700012207031,14.826,,,
92d8adf5-4653-4e4b-bddd-8f5d6f8f583d,2019-09-06 21:37:20 UTC,2019-09-06 21:41:43 UTC,emilyjahn2020@u.northwestern.edu,emilyjahn2020@u.northwestern.edu,2019-09-07 15:11:16 UTC,2019-09-07 15:11:16 UTC,1,create,,2019_Emily_Jahn,,42.0565191,-87.6737593,POINT (-87.6737593 42.0565191),42c89621-a285-488f-bcd9-fd20fe520d71,15d55d13-7205-48c8-8f48-a86962fa8aad,Yes,Very Few (1-3),"40421b15-5e4a-4e53-9aa6-13fef062eb12,8b7f8090-fdb0-4c5c-a66d-edb6bfb3086d",",",https://web.fulcrumapp.com/photos/view?photos=40421b15-5e4a-4e53-9aa6-13fef062eb12%2C8b7f8090-fdb0-4c5c-a66d-edb6bfb3086d,2019-09-06,16:37,162.800003051758,14.974,,,
ecc8e2d3-ff71-4b67-b672-15d622f524ac,2019-09-04 18:26:52 UTC,2019-09-04 18:43:07 UTC,lorainastinson2024@u.northwestern.edu,lorainastinson2024@u.northwestern.edu,2019-10-15 17:37:47 UTC,2019-10-15 17:37:47 UTC,1,create,,,,42.0564514,-87.6737845,POINT (-87.6737845 42.0564514),771d9fbf-3d7d-4637-828c-cf6f237972b8,09fb427c-c3c3-461a-acd4-2070d41f4941,Yes,Very Few (1-3),"729a49ef-9c19-4097-b45a-cbad751b7b38,c74fc8af-8fa7-4aad-96d4-37020b5b9ad2",",",https://web.fulcrumapp.com/photos/view?photos=729a49ef-9c19-4097-b45a-cbad751b7b38%2Cc74fc8af-8fa7-4aad-96d4-37020b5b9ad2,2019-09-04,13:26,162.800003051758,16.574,,,
897dec14-826c-49b0-9a24-53854ddd3981,2019-09-04 18:43:08 UTC,2019-09-04 21:49:39 UTC,lorainastinson2024@u.northwestern.edu,lorainastinson2024@u.northwestern.edu,2019-10-15 17:37:48 UTC,2019-10-15 17:37:48 UTC,1,create,,,,42.0564491,-87.6737835,POINT (-87.6737835 42.0564491),771d9fbf-3d7d-4637-828c-cf6f237972b8,8c109680-1e41-4cf4-a68e-ae2adc5b4150,Yes,Very Few (1-3),d506494f-1a60-4b49-b514-58add85693e3,,https://web.fulcrumapp.com/photos/view?photos=d506494f-1a60-4b49-b514-58add85693e3,2019-09-04,13:43,162.5,15.318,,,
ade41fb3-ef9e-464b-bfe6-56b602595847,2019-09-04 21:49:47 UTC,2019-09-04 22:00:14 UTC,lorainastinson2024@u.northwestern.edu,lorainastinson2024@u.northwestern.edu,2019-10-15 17:37:49 UTC,2019-10-15 17:37:49 UTC,1,create,,,,42.0564494,-87.6737828,POINT (-87.6737828 42.0564494),771d9fbf-3d7d-4637-828c-cf6f237972b8,ac52a076-bf5a-4bd1-8c78-07812844fc41,Yes,Very Few (1-3),"30a2bfd1-8f7c-4fa6-90d4-6900110ead0e,c855a725-d7c7-44eb-bf87-b1c49c4006ca",",",https://web.fulcrumapp.com/photos/view?photos=30a2bfd1-8f7c-4fa6-90d4-6900110ead0e%2Cc855a725-d7c7-44eb-bf87-b1c49c4006ca,2019-09-04,16:49,162.5,13.432,,,
915b8b2e-99af-4582-8d3a-74a71ff31e43,2019-09-04 22:01:09 UTC,2019-09-04 22:01:51 UTC,lorainastinson2024@u.northwestern.edu,lorainastinson2024@u.northwestern.edu,2019-10-15 17:37:51 UTC,2019-10-15 17:37:51 UTC,1,create,,,,42.0564577,-87.6738028,POINT (-87.6738028 42.0564577),771d9fbf-3d7d-4637-828c-cf6f237972b8,5e02c134-2080-4520-9c19-91341eb00974,No,,f18d37a0-7cd0-435e-9188-3bb695f622eb,,https://web.fulcrumapp.com/photos/view?photos=f18d37a0-7cd0-435e-9188-3bb695f622eb,2019-09-04,17:01,162.700012207031,11.694,,,
6bd704b6-2657-454e-8bc3-716276d315d0,2019-09-04 22:05:23 UTC,2019-09-04 22:20:23 UTC,lorainastinson2024@u.northwestern.edu,lorainastinson2024@u.northwestern.edu,2019-10-15 17:37:53 UTC,2019-10-15 17:37:53 UTC,1,create,,,,42.056444,-87.6737716,POINT (-87.6737716 42.056444),771d9fbf-3d7d-4637-828c-cf6f237972b8,393d02cd-6ab0-4fcd-89e7-70f68d7f54ef,Tracks,,"a0ef818b-b761-4c5f-9372-378eb28ecda8,ead9da14-731a-4028-82dc-c6f14eacd9a8",",",https://web.fulcrumapp.com/photos/view?photos=a0ef818b-b761-4c5f-9372-378eb28ecda8%2Cead9da14-731a-4028-82dc-c6f14eacd9a8,2019-09-04,17:05,162.700012207031,11.378,,,
